DataSeries,2026May,2026Apr,2026Mar,2026Feb,2026Jan,2025Dec,2025Nov,2025Oct,2025Sep,2025Aug,2025Jul,2025Jun,2025May,2025Apr,2025Mar,2025Feb,2025Jan,2024Dec,2024Nov,2024Oct,2024Sep,2024Aug,2024Jul,2024Jun,2024May,2024Apr,2024Mar,2024Feb,2024Jan,2023Dec,2023Nov,2023Oct,2023Sep,2023Aug,2023Jul,2023Jun,2023May,2023Apr,2023Mar,2023Feb,2023Jan,2022Dec,2022Nov,2022Oct,2022Sep,2022Aug,2022Jul,2022Jun,2022May,2022Apr,2022Mar,2022Feb,2022Jan,2021Dec,2021Nov,2021Oct,2021Sep,2021Aug,2021Jul,2021Jun,2021May,2021Apr,2021Mar,2021Feb,2021Jan,2020Dec,2020Nov,2020Oct,2020Sep,2020Aug,2020Jul,2020Jun,2020May,2020Apr,2020Mar,2020Feb,2020Jan,2019Dec,2019Nov,2019Oct,2019Sep,2019Aug,2019Jul,2019Jun,2019May,2019Apr,2019Mar,2019Feb,2019Jan,2018Dec,2018Nov,2018Oct,2018Sep,2018Aug,2018Jul,2018Jun,2018May,2018Apr,2018Mar,2018Feb,2018Jan,2017Dec,2017Nov,2017Oct,2017Sep,2017Aug,2017Jul,2017Jun,2017May,2017Apr,2017Mar,2017Feb,2017Jan,2016Dec,2016Nov,2016Oct,2016Sep,2016Aug,2016Jul,2016Jun,2016May,2016Apr,2016Mar,2016Feb,2016Jan,2015Dec,2015Nov,2015Oct,2015Sep,2015Aug,2015Jul,2015Jun,2015May,2015Apr,2015Mar,2015Feb,2015Jan,2014Dec,2014Nov,2014Oct,2014Sep,2014Aug,2014Jul,2014Jun,2014May,2014Apr,2014Mar,2014Feb,2014Jan,2013Dec,2013Nov,2013Oct,2013Sep,2013Aug,2013Jul,2013Jun,2013May,2013Apr,2013Mar,2013Feb,2013Jan,2012Dec,2012Nov,2012Oct,2012Sep,2012Aug,2012Jul,2012Jun,2012May,2012Apr,2012Mar,2012Feb,2012Jan,2011Dec,2011Nov,2011Oct,2011Sep,2011Aug,2011Jul,2011Jun,2011May,2011Apr,2011Mar,2011Feb,2011Jan,2010Dec,2010Nov,2010Oct,2010Sep,2010Aug,2010Jul,2010Jun,2010May,2010Apr,2010Mar,2010Feb,2010Jan,2009Dec,2009Nov,2009Oct,2009Sep,2009Aug,2009Jul,2009Jun,2009May,2009Apr,2009Mar,2009Feb,2009Jan,2008Dec,2008Nov,2008Oct,2008Sep,2008Aug,2008Jul,2008Jun,2008May,2008Apr,2008Mar,2008Feb,2008Jan,2007Dec,2007Nov,2007Oct,2007Sep,2007Aug,2007Jul,2007Jun,2007May,2007Apr,2007Mar,2007Feb,2007Jan,2006Dec,2006Nov,2006Oct,2006Sep,2006Aug,2006Jul,2006Jun,2006May,2006Apr,2006Mar,2006Feb,2006Jan,2005Dec,2005Nov,2005Oct,2005Sep,2005Aug,2005Jul,2005Jun,2005May,2005Apr,2005Mar,2005Feb,2005Jan,2004Dec,2004Nov,2004Oct,2004Sep,2004Aug,2004Jul,2004Jun,2004May,2004Apr,2004Mar,2004Feb,2004Jan,2003Dec,2003Nov,2003Oct,2003Sep,2003Aug,2003Jul,2003Jun,2003May,2003Apr,2003Mar,2003Feb,2003Jan,2002Dec,2002Nov,2002Oct,2002Sep,2002Aug,2002Jul,2002Jun,2002May,2002Apr,2002Mar,2002Feb
"Total Quota, 1st Bidding",3260,3150,3163,3191,3218,3193,3209,3164,3144,3141,3070,3086,3094,2882,2892,2869,2670,2684,2681,2585,2562,2589,2545,2579,2545,2509,2550,2482,2422,2433,2411,2010,1933,1886,1845,1782,1631,1592,1590,1589,1533,1544,1528,1806,1791,1863,2023,2000,2001,1758,1753,1758,1800,1791,1791,2373,2368,2342,2744,2753,2726,2960,2922,2976,3354,3371,3347,2889,3259,3287,4382,-,-,-,3206,3193,3469,3438,3454,3520,3502,3506,4243,4257,4271,4396,4431,4427,5048,5119,5094,4669,4738,4697,4239,4290,4148,4375,4316,4392,4359,4398,4334,4631,4649,4678,5316,5318,5293,4431,4452,4426,4089,4061,4261,4413,4434,4363,4854,4859,5061,4427,4210,4232,3622,3689,3638,3692,3647,3647,3374,3343,3377,2371,2360,2369,2024,2017,2008,1900,1898,1909,2036,2025,2023,1582,1541,1558,1758,1740,1761,1825,1749,1757,1721,1620,1717,1621,1652,1611,1684,1622,1651,1627,1632,1670,1926,1902,1875,1877,1906,1855,1884,1910,1866,1879,1868,1911,1932,1875,1887,1894,1893,1890,1949,1935,1958,1954,1966,1951,2184,2157,2289,2166,2976,2984,2971,2992,3059,2952,3520,3535,3560,3523,3549,3508,4386,4430,4389,4382,4408,4418,4849,4859,4835,4876,4871,4888,5178,5191,5255,5226,5201,5174,5487,5311,5377,5313,5313,5363,6395,6450,6211,6221,6313,6296,5498,5498,5587,5487,5487,5510,6566,6557,6587,6601,6605,6619,5605,5588,5587,5663,5537,5551,6181,6233,6159,6182,6190,6193,5041,5071,5267,5052,5074,5100,5493,5488,5489,5577,5500,5614,4561,4484,4539,4467,4447,4895,4968,4551,4560,4506,4617,3932,3936,3935,3952,4060,3990,3695,3955,3939
"Total Successful Bids, 1st Bidding",3221,3067,3150,3165,3165,3139,3180,3119,3097,3114,3046,3054,3048,2828,2865,2833,2657,2655,2636,2544,2524,2575,2503,2551,2484,2482,2493,2384,2394,2412,2380,1997,1910,1791,1795,1705,1617,1556,1570,1572,1517,1533,1505,1799,1749,1835,1923,1969,1993,1749,1737,1747,1784,1756,1765,2347,2326,2305,2732,2677,2642,2902,2881,2972,3296,3343,3302,2867,3235,3252,4319,-,-,-,3193,3163,3451,3386,3432,3482,3457,3479,4212,4238,4239,4350,4411,4372,4997,5095,4999,4598,4683,4573,4156,4154,3960,4329,4214,4349,4239,4358,4255,4615,4580,4591,5199,5287,5260,4422,4420,4372,4061,4011,4239,4191,4328,4236,4798,4823,5020,4184,3985,4224,3591,3676,3558,3662,3596,3641,3367,3288,3353,2312,2342,2361,2007,1982,1980,1880,1886,1900,2016,1999,2008,1569,1480,1538,1721,1718,1757,1800,1659,1743,1699,1504,1702,1509,1636,1564,1678,1551,1642,1589,1618,1651,1869,1823,1820,1849,1876,1796,1876,1886,1816,1874,1850,1904,1882,1807,1876,1871,1863,1861,1923,1908,1945,1918,1934,1907,2155,2093,2252,1997,2930,2950,2929,2963,3010,2836,3512,3507,3517,3455,3519,3452,4372,4407,4322,4357,4391,4375,4796,4841,4807,4873,4827,4850,5124,5168,5219,5126,5130,5128,5468,5118,5360,5230,5294,5344,6325,6229,5935,6184,6266,6158,5377,5462,5551,5362,5462,5485,6518,6530,6569,6553,6543,6553,5525,5508,5524,5601,5399,5540,6156,6209,6083,6180,6165,6160,5007,5054,5222,4811,5048,5052,5419,5460,5466,5554,5389,5580,4413,4350,4482,4355,4408,4876,4501,4071,4497,4434,4600,3804,3914,3909,3927,4018,3840,3615,3943,3910
"Total Bids Received, 1st Bidding",5042,5614,4668,4475,4347,4194,4167,5300,4553,4592,4562,4045,4896,4737,4682,3934,4021,3655,3661,3959,3566,3953,3530,3722,4166,4438,4170,4482,3303,3530,3133,2795,2722,3020,2560,3003,2226,2199,2179,2174,2282,2112,2294,2363,2377,2458,2863,3103,2743,2492,2941,2657,2436,2569,2646,3515,3296,3189,3752,4066,3893,4594,3933,3855,4805,5420,4645,4442,5340,6194,9635,-,-,-,4584,4227,4761,4479,4456,5377,5029,5631,5498,5656,5625,6392,6423,6483,7169,6950,7856,6673,7278,8418,5580,5863,6781,5997,6434,6429,6375,6039,7870,6767,6270,6824,8086,7757,8144,6037,7013,6081,5452,5170,6193,6095,6426,6281,7326,9717,8104,8053,7864,6144,4535,4710,4555,4934,5605,5368,4428,4657,5974,5044,4339,3237,2829,2827,3068,3357,2918,3484,3396,3378,3139,2166,2328,2507,2475,2511,2447,2629,2572,2775,2833,3029,2991,3265,4287,2097,2185,2187,2443,2084,2177,2467,2567,2847,2556,2620,2751,2937,2733,2529,2618,2603,2616,2844,2820,3133,2939,2625,2966,3207,3149,3432,2742,2579,2736,2710,2977,3302,3764,3831,4753,4100,4010,4214,3807,3940,4938,4474,4778,5226,5346,5346,6206,5557,5918,6911,5277,5815,5920,5955,6346,6212,5919,6329,7317,7444,6740,6604,7237,6630,8449,7075,7155,7131,8686,8505,11127,7383,8106,7839,9141,8166,7737,7825,7405,7426,6532,7703,10475,10513,8062,9147,11072,7747,7330,7302,6646,7360,7074,7297,9147,8108,7101,7815,7835,8379,7039,6327,6568,7277,6894,8459,7390,7473,7420,6553,6698,7886,5802,5922,6698,6919,7844,8381,6124,6925,6738,5776,5966,6050,5040,5798,6169,5854,6504,7514,11040,12160
"Total Quota, 2nd Bidding",3180,3170,3158,3183,3224,3219,3187,3149,3135,3126,3059,3067,3060,2862,2885,2874,2715,2667,2657,2649,2567,2576,2543,2551,2552,2498,2472,2491,2431,2447,2459,2023,1916,1854,1792,1807,1844,1590,1648,1602,1539,1562,1543,1800,1785,1782,2012,2012,2056,1756,1778,1771,1775,1822,1798,2371,2342,2367,2743,2760,2710,2957,2964,2962,3379,3348,3405,2878,3262,3283,4449,-,-,-,3334,3226,3456,3443,3452,3510,3655,3495,4434,4248,4327,4395,4386,4403,5050,5125,5045,4655,4835,4727,4143,4178,4189,4334,4301,4373,4431,4352,4367,4565,4615,4746,5428,5325,5338,4413,4471,4576,4055,4089,4058,4340,4355,4365,4916,4903,4931,4246,4249,4240,3614,3632,3632,3671,3697,3725,3339,3365,3369,2370,2354,2379,2051,2016,2000,1905,1919,1901,2064,2077,2037,1541,1534,1547,1789,1799,1748,1769,1794,1759,1635,1679,1656,1614,1691,1608,1656,1641,1632,1638,1637,1627,1928,1870,1872,1857,1923,1866,2024,1909,1917,1879,1875,1879,1897,1881,1887,1921,1924,1888,1955,2004,1976,1980,1938,1944,2134,2140,2167,2199,2980,2959,3015,2973,2948,2967,3524,3526,3514,3538,3532,3565,4395,4415,4375,4390,4400,4405,4873,4842,4888,4844,4902,4866,5167,5340,5336,5212,5222,5163,5333,5339,5418,5369,5301,5325,6515,6391,6319,6194,6248,6344,5494,5538,5493,5476,5553,5526,6552,6553,6588,6620,6618,6611,5591,5687,5610,5560,5598,5735,6254,6205,6207,6227,6178,6214,5034,5064,5111,5293,5042,5072,5521,5491,5641,5679,5476,5588,4447,4480,4479,4459,4462,4875,4717,4714,4787,4727,4503,3929,3968,3936,3927,3999,3928,3800,3958,3991
"Total Successful Bids, 2nd Bidding",3138,3165,3125,3162,3179,3160,3132,3126,3103,3109,3050,3046,3032,2841,2880,2844,2697,2594,2630,2631,2466,2557,2514,2525,2518,2464,2425,2474,2392,2415,2411,1962,1881,1774,1776,1783,1804,1511,1631,1527,1510,1545,1502,1778,1749,1761,1993,1992,2036,1691,1764,1735,1746,1812,1741,2338,2302,2356,2706,2685,2619,2915,2926,2917,3335,3295,3383,2798,3249,3245,4390,-,-,-,3253,3068,3406,3404,3425,3474,3620,3315,4414,4038,4303,4293,4367,4393,5024,5099,4944,4634,4793,4506,4030,4138,4113,4247,4240,4345,4330,4240,4334,4517,4612,4693,5243,5182,5298,4359,4457,4504,3877,4073,4008,4321,4323,4317,4858,4805,4846,4133,4205,4193,3575,3627,3609,3648,3667,3669,3255,3345,3323,2319,2337,2377,2024,1954,1973,1893,1902,1871,2051,2023,1970,1514,1515,1534,1763,1745,1684,1756,1760,1701,1612,1650,1583,1564,1682,1522,1653,1597,1603,1618,1611,1602,1914,1789,1849,1831,1912,1789,2004,1745,1868,1822,1856,1864,1878,1848,1870,1898,1867,1828,1931,1970,1894,1926,1880,1928,2112,2124,2145,2150,2899,2918,2996,2898,2915,2959,3497,3494,3480,3516,3487,3526,4324,4383,4323,4379,4375,4370,4833,4800,4877,4787,4890,4797,5134,5327,5150,5030,5163,5094,5323,5298,5370,5240,5221,5313,6479,6048,6102,6049,6228,6270,5324,5509,5420,5448,5541,5437,6490,6536,6572,6569,6535,6530,5517,5619,5446,5474,5562,5661,6044,6107,6158,6177,6108,6193,4977,5051,5068,5203,4770,5051,5470,5433,5613,5501,5260,5575,4322,4459,4425,4406,4429,4839,4268,4482,4558,4425,4262,3912,3946,3875,3898,3979,3837,3781,3839,3958
"Total Bids Received, 2nd Bidding",5244,5276,4666,5066,4979,4109,4568,4384,5364,4760,4480,4207,4432,4684,4624,4867,3905,3864,3507,3764,3593,3596,3479,3661,3824,3624,4186,4277,4464,3246,3912,2697,2673,2710,2546,2659,3536,2181,2426,2491,2143,2249,2148,2776,2424,2642,2750,2889,2956,2446,2758,2830,2513,2522,2477,3784,3490,3455,3955,4022,3917,4683,4045,4036,4729,5072,4999,4365,4941,5973,7810,-,-,-,4755,4863,4515,4294,4808,4904,5244,5189,6180,5490,5625,6239,6262,6445,7790,7189,6950,6117,6865,7717,7411,5734,6240,6161,5914,6595,5594,5832,6802,6216,7666,6517,8101,7934,8151,6175,6529,6854,5732,6032,5581,5712,5934,6286,7385,8717,7219,7203,7894,7429,6286,4395,4872,4950,5054,5566,4566,4212,5095,4571,4625,3433,3170,2704,3075,3096,2803,3277,3712,3290,3411,2193,2199,2410,2761,2467,2536,2392,2716,2608,2607,2924,3033,2996,3444,2080,2077,2147,2156,2254,2226,2159,2642,2583,2696,2808,2870,2861,2900,2680,2574,2864,2686,2808,2750,2625,2661,2899,2764,2901,2954,2796,2841,2755,2796,2885,3239,2933,3123,3528,5733,4461,4931,4016,3569,4157,4524,4532,4751,5286,5190,5239,5818,6957,5239,6155,4940,5517,6555,6038,6046,6132,6858,5813,6689,7406,6742,6816,6573,6449,7787,6417,7177,7172,7812,8229,10385,6854,7490,7181,8265,7649,7879,8410,7247,6866,6653,7068,9763,10334,7841,7863,9845,11458,6588,6837,7114,6918,6984,7224,8284,8375,9112,7264,7604,8609,5914,6239,6397,7104,7040,7575,7680,6836,7880,7200,6746,7445,7088,5666,5973,6373,7203,8056,5849,6536,5767,5440,5678,5409,4967,5359,5480,5817,5908,6298,7266,6210
"Cars Up To 1600cc And 97kW, Quota, 1st Bidding",1301,1265,1268,1265,1285,1280,1306,1268,1275,1268,1253,1275,1267,1138,1144,1138,1034,1037,1040,994,983,1013,967,962,968,975,963,938,924,928,924,785,645,632,588,581,474,515,517,509,462,458,460,564,556,554,617,612,612,536,531,542,543,536,536,816,804,805,867,858,832,883,887,885,963,978,967,912,1035,1022,1289,-,-,-,978,982,1035,1030,1043,1057,1056,1059,1431,1424,1431,1656,1659,1662,1815,1878,1819,1668,1664,1672,1435,1441,1435,1566,1580,1557,1693,1680,1683,1829,1820,1817,1904,1898,1905,2068,2061,2060,1877,1844,1929,2064,2067,2018,2222,2218,2218,2105,2033,2038,1659,1698,1664,1687,1688,1688,1466,1432,1444,988,987,992,704,709,703,575,572,574,513,507,513,367,365,362,364,364,368,365,366,373,338,341,336,341,336,335,410,395,395,401,399,421,641,668,641,637,667,619,554,549,548,549,548,566,514,510,511,512,532,523,614,598,598,601,631,622,700,706,806,705,1148,1154,1152,1151,1226,1151,1395,1395,1405,1401,1396,1396,1839,1894,1839,1840,1848,1856,2038,2035,2036,2038,2053,2043,2171,2167,2162,2174,2164,2165,2309,2168,2159,2159,2163,2165,2687,2673,2668,2670,2695,2670,2223,2222,2216,2217,2223,2222,2792,2794,2787,2792,2786,2785,2194,2195,2220,2201,2193,2200,2516,2514,2513,2520,2514,2523,1936,1934,1941,1934,1943,1937,1923,1917,1919,1911,1921,1914,1479,1479,1471,1470,1479,1473,1332,1339,1342,1332,1346,1115,1113,1118,1116,1111,1128,1110,1491,1473
"Cars Up To 1600cc And 97kW, Successful Bids, 1st Bidding",1294,1203,1267,1261,1284,1272,1303,1239,1271,1257,1250,1274,1244,1122,1144,1132,1034,1034,1035,986,966,1007,932,957,968,970,923,910,920,923,915,779,640,618,587,571,472,508,507,497,459,454,460,561,535,541,606,607,612,536,526,542,533,525,531,812,790,804,864,820,803,880,887,881,962,978,952,907,1035,1007,1286,-,-,-,973,977,1026,1013,1031,1033,1056,1059,1428,1417,1431,1650,1653,1653,1804,1878,1757,1665,1661,1672,1427,1440,1428,1564,1572,1534,1693,1667,1683,1827,1806,1812,1902,1893,1905,2061,2045,2051,1870,1812,1929,1979,2011,1959,2212,2213,2217,2103,1957,2033,1649,1696,1623,1679,1688,1687,1464,1393,1438,970,986,991,698,703,692,570,568,574,511,499,512,360,356,356,361,364,368,361,365,371,328,336,329,339,329,333,409,378,393,399,391,415,613,647,593,615,649,571,554,543,547,549,547,566,497,506,511,511,530,501,602,582,598,601,628,589,676,704,798,597,1141,1153,1145,1146,1222,1072,1391,1395,1405,1391,1391,1396,1839,1894,1784,1840,1848,1848,2022,2032,2036,2038,2051,2026,2164,2155,2154,2171,2149,2160,2303,2018,2150,2159,2163,2161,2680,2654,2663,2670,2693,2644,2222,2215,2210,2217,2222,2215,2786,2787,2778,2790,2779,2784,2194,2194,2218,2174,2185,2200,2509,2511,2512,2520,2507,2522,1927,1932,1941,1927,1943,1928,1920,1905,1913,1903,1921,1904,1476,1470,1462,1469,1479,1464,1329,1339,1335,1322,1346,1101,1108,1115,1108,1105,1127,1092,1491,1450
"Cars Up To 1600cc And 97kW, Bids Received, 1st Bidding",2071,2537,1762,1982,1658,1557,1682,2572,1844,1755,1918,1691,2240,2162,2034,1446,1381,1475,1338,1604,1308,1570,1429,1467,1632,1922,1866,1931,1184,1233,1165,1039,840,949,756,881,663,749,665,663,649,616,687,724,723,689,900,874,804,723,962,819,760,771,834,1077,1124,1021,1149,1439,1100,1212,1175,1098,1280,1620,1262,1272,1737,2047,3061,-,-,-,1436,1204,1450,1386,1302,1659,1656,2023,1795,1902,1988,2338,2213,2371,2707,2177,2849,2059,2488,3633,1626,1696,1836,1888,2405,2389,2264,2158,3430,2808,2195,2403,2296,2245,2240,2486,3190,2691,2260,2335,2800,2938,2739,2712,3194,4545,3446,3719,3518,2972,2013,2132,2009,2210,2553,2446,1891,1943,2891,2340,2120,1295,940,996,1196,1097,813,1086,1075,1040,676,537,615,719,623,591,590,615,609,754,716,855,912,966,1180,418,555,482,621,506,518,724,872,1004,822,960,912,1058,901,781,766,793,794,1034,839,880,944,813,875,1146,1192,1020,843,722,775,786,893,1107,1294,1379,1758,1326,1342,1658,1395,1392,1844,1558,1655,1967,2037,2026,2376,2077,2541,3149,2049,2320,2172,2267,2463,2500,2211,2570,2727,3005,2553,2373,3040,2604,3753,2632,2480,2441,3449,3691,5296,3005,3686,3018,4013,2953,2878,3333,2867,2688,2426,3183,5001,5517,3076,4171,5624,3188,2854,2843,2445,2873,2594,2685,3784,3394,2677,3224,3115,3106,2628,2145,2193,2722,2565,3386,2539,2701,2549,2020,2106,3039,1611,1828,2341,2388,3284,2816,1990,2405,2153,1851,1724,1889,1337,1640,1890,1382,1705,2484,4267,4834
"Cars Up To 1600cc And 97kW, Quota Premium, 1st Bidding",124790,118000,108220,106320,102009,105413,110002,128105,107889,102009,101102,96999,103009,97724,92730,85000,93699,94000,99889,103799,96490,94289,91001,88200,93604,89000,83000,79000,65010,88020,95689,104000,101000,99499,97000,98001,101001,96501,88000,86000,80000,88503,87235,80501,86000,80000,78001,73801,70901,72996,68501,60761,57599,57010,53709,47001,47000,45189,45001,48510,48002,45600,41996,42000,40609,40714,35990,36534,37766,33000,33520,-,-,-,32699,30010,35320,33009,30000,34001,31783,32725,28589,30009,36704,29159,26309,25689,25920,23568,28199,28457,30209,33798,25000,36426,38941,37000,38830,40000,41400,42339,47112,41761,36001,46778,42801,45201,51106,52000,50789,48401,50101,48000,52668,51507,51506,52503,52301,53694,47889,46009,45000,46651,45002,56989,56001,56001,57089,56209,58700,66000,68589,67749,61410,62002,66010,67089,64900,63880,64841,64600,61990,63190,60002,77400,76999,71564,72369,73160,72609,85000,77304,75556,73100,67301,62999,61029,74689,87109,92100,78523,77201,69000,68000,73501,59421,59003,62600,58501,56551,52809,46889,52392,55997,50289,51000,48801,55989,53390,44790,43212,42600,37124,38889,47604,34001,33132,33089,32104,29501,30051,26102,34001,20802,19989,18502,18502,16747,16201,18020,13658,14310,11690,8489,7090,4890,1020,5001,7721,10455,13801,9501,12501,14685,14590,11009,16930,14351,12002,14052,12001,16839,16999,17999,17001,14801,16181,16159,14000,12602,11489,11704,12200,12979,12001,13003,11901,10201,11202,10003,11901,11199,10284,10602,13700,14700,11991,16461,16502,16112,17481,17398,18279,20654,18200,18400,22463,22496,23001,26801,26298,27769,28798,27507,26689,24597,24489,23801,24401,26338,28915,25011,30497,32079,31799,29299,27497,28308,31003,28489,28501,29113,31334,30501,30289,31407,33009,35000,37201,31484,30003
"Cars Up To 1600cc And 97kW, Quota, 2nd Bidding",1239,1265,1264,1289,1301,1283,1285,1270,1272,1264,1253,1254,1267,1139,1138,1149,1069,1035,1041,1058,990,978,973,966,983,936,936,937,923,919,925,797,651,636,581,586,596,507,510,508,459,473,459,559,543,551,628,614,625,532,543,536,531,534,537,811,803,806,836,830,835,890,886,903,966,969,972,916,1034,1034,1304,-,-,-,982,982,1034,1029,1023,1060,1056,1062,1623,1424,1475,1653,1650,1650,1818,1890,1818,1674,1664,1695,1443,1446,1434,1566,1559,1562,1713,1687,1686,1815,1815,1817,1907,1906,1920,2052,2096,2133,1846,1844,1846,2023,2008,2034,2272,2252,2217,2062,2053,2049,1659,1669,1662,1690,1687,1756,1435,1429,1434,987,987,988,705,705,701,572,573,575,509,509,509,361,362,362,368,367,364,373,370,366,334,342,333,333,337,333,409,395,396,393,402,400,676,633,630,629,636,624,657,566,559,565,548,557,510,512,523,565,527,511,607,617,597,647,597,606,699,699,699,706,1146,1148,1151,1150,1146,1149,1403,1395,1408,1415,1402,1396,1843,1846,1839,1851,1851,1846,2035,2036,2048,2037,2063,2036,2161,2291,2231,2162,2158,2158,2159,2189,2208,2169,2158,2168,2669,2670,2671,2670,2669,2669,2223,2225,2221,2217,2222,2225,2792,2787,2785,2858,2834,2808,2202,2199,2203,2196,2254,2264,2520,2518,2513,2520,2514,2515,1939,1938,1933,1944,1933,1947,1919,1925,1912,1911,1911,1925,1473,1477,1477,1478,1471,1474,1337,1340,1333,1338,1334,1112,1120,1110,1118,1141,1111,1149,1468,1467
"Cars Up To 1600cc And 97kW, Successful Bids, 2nd Bidding",1227,1265,1263,1289,1277,1259,1279,1262,1266,1257,1253,1253,1265,1124,1137,1149,1058,998,1038,1048,909,966,972,955,980,916,935,936,921,915,925,791,635,616,576,583,588,489,508,504,456,472,444,558,527,551,620,598,623,519,542,524,526,534,535,806,795,806,832,823,834,883,879,900,946,966,966,907,1031,1019,1290,-,-,-,962,973,1025,1013,1012,1056,1053,1062,1617,1225,1475,1603,1647,1650,1818,1887,1744,1672,1655,1695,1412,1437,1422,1566,1551,1561,1708,1654,1679,1809,1815,1817,1905,1898,1913,2030,2096,2089,1766,1843,1846,2021,1993,2034,2246,2197,2182,2061,2020,2025,1638,1667,1650,1684,1684,1756,1365,1421,1431,979,987,988,703,699,694,569,573,574,505,506,506,357,360,358,364,363,361,373,361,360,332,341,324,333,337,329,409,378,393,390,402,391,669,577,617,618,626,607,652,457,541,554,531,557,501,512,521,552,472,494,606,607,577,647,547,606,691,697,697,704,1137,1148,1149,1145,1142,1149,1400,1387,1408,1402,1383,1390,1843,1842,1832,1851,1840,1835,2029,2036,2047,2024,2062,2009,2161,2288,2098,2089,2154,2158,2159,2188,2177,2119,2147,2168,2659,2670,2670,2668,2668,2669,2223,2219,2213,2213,2222,2220,2784,2779,2783,2858,2761,2759,2179,2190,2197,2186,2251,2203,2449,2511,2508,2520,2507,2514,1937,1932,1928,1944,1922,1947,1905,1917,1898,1910,1911,1925,1459,1474,1470,1471,1463,1473,1333,1335,1325,1337,1328,1110,1118,1100,1118,1133,1080,1148,1429,1466
"Cars Up To 1600cc And 97kW, Bids Received, 2nd Bidding",2283,2410,1895,1975,2303,1647,1587,1968,2521,1922,1874,1647,1915,2121,1951,2290,1484,1506,1320,1499,1377,1314,1342,1403,1444,1390,1922,1909,1880,1166,1291,1028,864,908,728,751,936,750,768,702,627,618,622,714,759,835,834,850,819,744,849,876,711,740,706,1304,1040,1127,1240,1178,1209,1290,1186,1226,1309,1403,1361,1323,1540,2099,2485,-,-,-,1421,1564,1390,1256,1468,1467,1453,1725,1902,1742,1799,2249,2204,2261,2864,2729,2231,1811,2059,2948,3100,1818,1805,2027,2117,2073,1938,1970,2721,2391,3469,2148,2389,2302,2601,2442,2961,2926,2437,2554,2536,2584,2610,2803,3195,3957,3227,3327,3836,2965,3437,1978,2140,2229,2276,2597,1966,1766,2351,2055,2251,1294,1068,868,1144,1092,792,994,1190,1040,997,513,577,700,724,574,650,596,654,596,621,788,888,993,923,427,489,499,540,509,486,530,911,920,945,1011,1067,1017,903,878,756,873,951,927,776,715,760,964,927,788,1091,755,833,817,993,975,967,902,1036,1242,2183,1493,1673,1465,1261,1544,1527,1567,1603,1735,1999,1906,2202,2722,2109,2788,1852,2149,2765,2318,2464,2319,2824,2197,2474,2923,2611,2588,2450,2472,3055,2315,2678,2489,2825,3327,4752,2823,3155,2886,3499,2761,2921,3398,2776,2393,2473,2762,4381,5030,3213,3309,4781,5927,2428,2421,2758,2636,2548,2563,3176,3140,3793,2709,3095,3805,2126,2237,2104,2302,2236,3042,2613,2534,2616,2376,2315,2558,2798,1773,1881,2267,2621,2728,1923,2251,1651,1546,1942,1624,1286,1480,1647,1382,1320,1890,2800,2450
"Cars Up To 1600cc And 97kW, Quota Premium, 2nd Bidding",124229,123010,111890,106501,109501,109501,109000,122000,119003,104524,101102,98124,102501,99500,94502,92850,93601,96000,89889,102900,98524,93900,91899,90889,92700,94010,85489,76801,81589,85000,85001,106000,105000,100000,95202,96206,92000,103721,93503,86556,86000,88007,90589,81089,84000,87889,78899,74989,68001,68699,71556,63000,57898,58801,55001,52709,48000,46689,47010,47821,41801,49640,44589,41001,43501,40556,37690,37334,38504,35710,32699,-,-,-,31210,32999,35010,32889,32000,32309,31759,31917,26667,26999,27000,33199,26659,26301,26170,25501,25000,25556,28000,31997,32699,34110,38001,38510,38000,36810,36890,38200,46791,41617,42902,42900,44002,42801,46489,51600,51765,49430,50889,49751,50951,50991,50000,53334,53000,55200,47020,47300,45504,43000,51301,54301,59200,57301,55399,57498,55889,61000,66590,67601,64700,57199,65001,65889,67889,63990,62000,65710,62890,61899,65689,71335,78602,77201,72290,74002,74991,76889,83751,76223,73989,69903,64839,62497,64209,78301,91010,81889,77291,71001,63000,66889,68656,59004,58001,64201,56501,57009,48112,50001,54887,56112,48006,49301,56002,50244,46989,44000,43813,42999,40123,46129,39000,32415,30001,29000,36162,31510,27389,30000,28389,20340,20501,18150,17189,18899,15589,15019,15291,12899,9889,7589,5116,4460,2693,6200,2,10989,14100,13289,14101,14101,15701,15600,15389,12856,12001,14001,14404,12401,17941,8118,16000,15591,17010,14601,13504,5200,11881,9605,12689,10510,13102,12989,10803,9301,10100,11901,11904,10103,8009,12081,14001,14501,15309,16101,16500,17289,16897,18101,18901,18159,19501,20117,22001,23784,24189,25797,27019,28331,27501,27564,24940,24389,24001,24251,26725,28300,30629,30989,31501,31440,31095,28054,26999,29999,26499,26993,29008,30758,28409,31289,30797,30281,33401,36000,33201,29997
"Cars Up To 1600cc And 97kW, Prevailing Quota Premium, 2nd Bidding",118357,112324,107407,106541,107571,114004,116000,113922,105939,100644,100473,99643,98328,93718,92064,92525,94513,97747,98582,98317,94351,91697,91383,91401,89634,84550,78482,79237,83385,93952,99449,102584,99617,97652,96569,97905,95788,92381,86677,85845,86723,85988,84903,83247,82465,78930,74099,71565,70109,67586,63220,59179,56670,54039,50570,47765,46482,46704,46358,46896,45272,44138,42283,41397,39844,38137,37303,36475,35200,33140,32190,32875,32875,32875,32875,33207,33038,32368,31976,32416,30574,29485,29328,30512,29839,27886,26175,25525,25727,26047,27571,29670,30284,32339,34197,37165,38214,38192,38655,39274,42122,42970,42698,41994,42564,44081,45400,48200,50625,50665,50230,49429,50394,50645,51271,51641,52108,53339,51518,49519,46454,45578,46077,49541,53799,56633,56832,56583,56798,59216,62795,66255,66107,63444,62721,63865,66130,65607,64584,64171,63672,63380,62610,66586,71672,75517,74838,73431,73237,76109,78424,79121,76654,72679,68689,64762,65044,71306,81237,84822,83003,75818,70916,68566,66578,64413,61115,60219,59393,57596,52979,51202,51380,53280,52716,50585,51517,52288,51234,47105,44234,42292,40925,42145,40958,38714,33607,31624,31643,31388,30120,29843,27781,25587,21421,19331,18266,17615,17108,16231,15315,13812,12095,9608,7178,5028,3864,4516,5346,8195,9808,12364,13030,13878,14032,14656,14830,14522,13442,12819,13883,14441,16098,15077,15310,14616,15957,15591,14646,11900,11064,10347,11843,11664,12381,12251,12000,11067,10269,10735,11168,11216,10351,10797,12183,13496,14494,15145,16165,16665,16947,17575,18372,18716,18970,19474,20830,22311,23712,24979,26313,27336,27821,27732,26467,25445,24370,24222,24920,26489,27653,29057,30118,31385,31203,29864,28542,28644,28550,28581,28101,29285,29854,30430,30449,31179,32316,34149,34382,32981,30559,29446
"Cars Above 1600cc Or 97kW, Quota, 1st Bidding",883,811,815,813,824,802,800,830,790,789,781,795,813,760,765,748,677,689,696,671,665,663,671,685,666,653,708,655,633,638,636,474,470,470,471,454,410,430,431,430,410,427,411,474,470,474,527,528,527,550,551,550,587,593,587,774,791,771,840,815,819,958,942,943,1023,1035,1013,805,904,932,1291,-,-,-,987,984,1022,1013,1017,1048,1046,1047,1141,1139,1139,1202,1233,1202,1245,1239,1265,1271,1274,1265,1288,1293,1280,1389,1390,1396,1374,1375,1376,1285,1290,1286,1322,1325,1320,1360,1371,1366,1252,1245,1347,1350,1372,1336,1469,1470,1462,1218,1209,1216,1027,1031,1037,1057,1059,1057,934,929,934,722,723,724,571,584,574,505,511,507,493,494,483,363,350,360,386,373,376,376,381,380,331,302,317,302,326,302,363,350,350,350,355,350,358,350,354,352,354,350,356,354,356,356,359,354,445,424,439,425,424,431,481,479,482,479,479,479,557,553,550,571,688,693,687,692,704,685,767,762,780,760,814,761,1101,1099,1100,1100,1099,1132,1099,1104,1099,1125,1101,1132,1125,1133,1172,1163,1125,1125,1136,1125,1143,1132,1125,1149,1274,1272,1271,1269,1288,1272,1104,1084,1084,1096,1089,1084,1268,1265,1277,1267,1265,1288,1109,1112,1114,1113,1100,1103,1137,1137,1139,1143,1137,1145,934,940,940,937,934,949,1163,1156,1158,1181,1160,1175,919,912,917,913,914,919,670,663,707,663,663,553,553,555,579,595,560,558,649,651
"Cars Above 1600cc Or 97kW, Successful Bids, 1st Bidding",861,796,815,809,821,775,795,828,750,789,781,795,800,729,749,727,674,689,683,652,657,662,671,671,638,645,704,596,628,638,631,472,466,469,470,437,410,414,431,430,410,426,393,472,466,474,522,528,526,550,551,549,586,593,581,774,788,751,840,784,813,949,926,943,1021,1019,985,800,892,928,1260,-,-,-,987,980,1021,1003,1016,1042,1040,1043,1135,1137,1139,1202,1230,1169,1242,1230,1262,1241,1268,1256,1288,1285,1267,1388,1390,1396,1368,1375,1375,1284,1290,1281,1321,1324,1316,1360,1368,1352,1243,1237,1345,1246,1358,1300,1469,1463,1454,1218,1200,1216,1019,1028,1031,1044,1058,1054,933,923,934,716,723,723,570,582,559,501,511,501,491,484,472,363,337,360,377,360,376,373,378,373,325,274,317,287,326,278,363,337,350,350,355,345,358,342,354,348,352,346,356,351,355,353,356,349,444,403,439,410,423,431,474,477,482,476,479,479,557,546,547,571,667,690,679,690,697,666,767,755,778,740,814,707,1100,1097,1100,1099,1098,1132,1066,1104,1094,1125,1075,1130,1092,1133,1164,1116,1087,1125,1136,1114,1143,1114,1118,1149,1250,1267,1268,1267,1288,1253,1101,1064,1084,1096,1077,1079,1268,1262,1277,1255,1263,1288,1086,1103,1102,1099,1087,1103,1134,1137,1139,1141,1131,1145,926,938,933,930,930,948,1147,1149,1158,1180,1136,1172,901,905,917,908,913,917,663,656,707,619,663,553,553,555,577,569,518,551,644,651
"Cars Above 1600cc Or 97kW, Bids Received, 1st Bidding",1332,1406,1261,966,1128,1096,953,1202,1186,1271,1199,974,1210,1200,1208,1007,1266,866,1039,1084,924,1150,896,974,1237,1208,1073,1163,850,933,830,643,723,853,594,719,513,566,629,580,487,568,640,635,627,612,695,851,699,708,860,865,712,822,839,1130,1080,980,1087,1107,1244,1524,1121,1107,1396,1712,1415,1218,1715,1985,3160,-,-,-,1347,1173,1229,1265,1296,1559,1289,1487,1390,1346,1360,1782,1903,1937,1818,1780,2142,1886,1959,2132,1637,1727,2155,1689,1731,1831,1811,1805,2515,1646,1704,1978,1910,1582,1996,1970,2298,1783,1835,1494,2012,1785,2183,2156,2547,3436,2435,2247,2706,1624,1262,1324,1267,1373,1628,1634,1225,1384,1631,1661,1239,959,833,873,832,852,909,1090,812,807,778,523,499,523,581,549,482,649,623,682,652,732,601,835,1028,431,470,493,573,414,466,489,459,490,545,483,626,635,511,474,551,524,496,469,728,759,650,542,667,640,790,1034,718,630,757,662,671,779,869,858,1087,930,883,857,779,816,1003,934,1052,1131,1021,1036,1346,1231,1332,1411,1216,1338,1195,1253,1383,1282,1230,1382,1499,1454,1556,1334,1438,1409,1594,1458,1364,1679,1811,1720,2248,1449,1460,1521,1683,1496,1448,1365,1240,1426,1293,1420,1926,1726,1876,1499,2086,1485,1484,1318,1374,1346,1339,1367,1656,1450,1311,1402,1323,1505,1214,1095,1154,1374,1192,1350,1516,1474,1516,1401,1368,1565,1163,1159,1359,1448,1788,1790,965,1342,1128,822,866,917,715,1149,946,885,1043,1119,2229,2240
"Cars Above 1600cc Or 97kW, Quota Premium, 1st Bidding",126236,121000,114002,110890,119100,123900,115001,141000,127501,123498,119600,113000,119890,117899,113000,111104,121501,103010,108001,116002,106300,106101,100901,100607,105002,101334,96010,102338,85010,130100,110001,146002,134889,126889,118002,120702,119399,118501,115501,105524,102002,105501,115388,95856,113000,107001,107800,100684,92090,98389,94889,86102,77700,80401,82801,70200,62600,56001,56100,60109,60001,52309,45001,46790,49001,45012,39000,40690,41510,37102,35889,-,-,-,32801,30890,37109,37900,40009,41361,36001,40001,34000,39728,48010,43102,36961,34509,32200,31001,32302,31301,32001,34381,31000,36000,38501,37605,39001,42322,45289,53711,57414,48109,49000,53711,49802,50110,55414,54405,53300,48209,53106,46229,56206,53001,57002,57903,56089,56000,51010,47000,47604,38610,54920,60001,57501,58190,62101,60789,65501,75000,77600,76612,68668,70890,75289,74389,70890,72180,73010,68689,64889,67304,70002,84504,80710,75300,78700,73010,84578,93500,77100,77600,77110,75000,61700,67010,58090,92901,96210,90200,92400,80001,80191,94502,82289,83000,92050,83700,79304,73890,65801,72350,77000,63600,63002,70890,68501,63000,56011,55001,61894,53400,69000,62502,45501,42801,44129,43334,35909,40002,38000,45501,26389,23180,19190,19003,18389,18109,19289,18890,16801,11889,7552,7501,5101,689,3089,6501,8301,14400,13389,12889,15501,14640,15889,19501,18000,13209,15989,13114,18001,17102,18200,18001,17399,19802,17879,14889,13502,12152,13001,14389,13811,12501,14701,12501,10801,12200,11519,13402,12555,9501,11602,13301,14751,11002,16889,15889,15501,16002,16508,16110,21710,16533,14002,21302,21301,23001,27799,27086,28990,30300,26700,28001,25699,23508,24293,24112,26001,28199,28001,31001,32779,31501,28589,26601,27999,33657,29099,27289,27667,31795,31617,31889,31583,33001,40001,39509,32574,30660
"Cars Above 1600cc Or 97kW, Quota, 2nd Bidding",869,811,812,813,803,838,806,809,792,792,784,784,782,744,747,744,686,676,678,670,663,686,661,674,658,690,656,649,657,643,648,472,496,478,462,454,480,430,466,436,408,409,416,470,471,471,527,531,528,560,555,559,592,595,594,774,772,794,819,809,817,956,946,942,1018,1009,1007,793,912,923,1339,-,-,-,992,987,1012,1015,1019,1044,1044,1045,1143,1141,1163,1205,1201,1214,1244,1243,1241,1273,1278,1272,1285,1316,1283,1417,1402,1391,1381,1374,1383,1285,1288,1293,1322,1321,1325,1369,1357,1377,1246,1244,1254,1340,1338,1336,1463,1463,1537,1211,1220,1208,1026,1027,1029,1073,1058,1058,930,928,948,728,723,722,576,579,570,507,509,506,498,490,484,351,353,355,393,377,379,382,377,375,303,305,332,310,307,303,351,360,351,353,351,351,353,349,349,349,352,351,353,368,353,353,353,353,436,423,424,423,424,424,483,499,480,479,488,482,552,557,561,561,711,685,717,697,687,688,761,785,762,760,774,769,1110,1101,1099,1102,1100,1100,1127,1099,1099,1099,1100,1119,1130,1125,1144,1125,1126,1133,1125,1124,1133,1146,1127,1130,1272,1272,1301,1272,1269,1269,1086,1085,1089,1088,1091,1086,1267,1274,1275,1271,1282,1267,1108,1101,1114,1113,1100,1107,1140,1140,1148,1139,1137,1137,934,949,932,932,932,939,1160,1162,1160,1156,1157,1163,915,945,918,914,915,938,666,663,662,728,663,552,569,560,561,563,552,553,651,649
"Cars Above 1600cc Or 97kW, Successful Bids, 2nd Bidding",854,810,812,812,800,832,765,800,772,789,782,781,779,744,747,741,686,667,678,669,656,686,639,670,641,690,615,642,657,619,638,458,494,451,453,446,480,403,466,401,402,409,416,463,471,470,526,531,523,559,545,554,583,590,585,767,768,793,796,799,817,949,932,938,1018,998,1006,793,912,912,1316,-,-,-,943,978,1008,1015,1016,1037,1042,1043,1140,1137,1161,1181,1195,1213,1230,1235,1234,1267,1269,1259,1278,1311,1247,1414,1374,1379,1380,1367,1383,1277,1288,1290,1314,1320,1325,1365,1345,1377,1226,1242,1253,1329,1334,1334,1463,1462,1536,1136,1218,1197,1026,1025,1026,1069,1041,1056,929,926,948,708,717,721,576,572,560,506,507,502,497,475,477,349,352,353,388,357,375,376,368,371,301,304,329,281,300,299,351,360,342,353,349,351,352,346,349,349,352,348,351,368,338,353,353,353,436,410,424,422,424,423,482,494,459,478,488,472,548,554,553,549,699,658,717,665,675,686,758,784,737,758,774,755,1101,1090,1097,1102,1097,1099,1126,1071,1099,1099,1100,1118,1110,1120,1144,1106,1126,1132,1117,1124,1133,1137,1105,1127,1266,1269,1298,1240,1266,1269,1086,1084,1089,1084,1087,1079,1265,1271,1266,1261,1276,1250,1106,1093,1113,1099,1087,1107,1133,1137,1145,1128,1135,1137,934,947,915,932,932,939,1153,1158,1154,1152,1157,1162,908,942,885,908,913,935,640,659,661,728,597,551,569,543,553,554,541,553,650,647
"Cars Above 1600cc Or 97kW, Bids Received, 2nd Bidding",1469,1194,1185,1353,1207,968,1514,977,1273,1221,1148,1163,1093,1098,1196,1135,1071,987,874,975,879,985,891,1046,1099,1008,1066,1034,1308,847,1228,623,735,731,602,622,713,553,670,768,514,564,568,848,553,665,702,822,709,687,824,939,907,829,797,1240,1189,1065,1107,983,1089,1585,1222,1168,1338,1631,1559,1272,1497,1727,2497,-,-,-,1366,1459,1157,1251,1331,1503,1418,1415,1677,1418,1407,1634,1878,1993,2119,1804,1786,1856,1859,2031,1919,1729,1915,1919,1639,1744,1654,1634,2173,1718,1859,1683,1784,1651,1725,2000,2081,2126,1967,2052,1708,1768,2017,2088,2439,2914,2322,2364,2491,2898,1334,1200,1388,1367,1371,1551,1218,1144,1401,1525,1354,1037,915,755,900,822,785,1137,850,716,716,486,524,519,512,500,536,515,703,627,574,734,749,683,940,409,452,478,487,540,523,532,549,477,482,563,529,580,537,464,518,633,469,527,626,684,564,627,579,726,700,872,709,766,648,683,890,720,715,896,1207,956,1105,816,797,832,914,889,992,1066,1051,1001,1359,1675,1179,1318,1181,1302,1288,1362,1307,1280,1396,1324,1387,1632,1328,1578,1339,1370,1581,1288,1393,1460,1679,1587,1840,1382,1446,1413,1696,1530,1440,1406,1332,1256,1337,1299,1830,1866,1483,1386,1692,2046,1270,1412,1414,1299,1322,1357,1355,1443,1834,1270,1326,1434,1129,1065,1107,1217,1175,1347,1445,1404,1468,1295,1344,1374,1344,1171,1209,1281,1592,1762,944,1148,919,977,879,850,756,873,850,888,894,1104,1052,965
"Cars Above 1600cc Or 97kW, Quota Premium, 2nd Bidding",129501,121001,115568,105001,121634,115102,129890,131889,136890,124400,119101,116670,116988,117003,116890,109598,116625,109000,105081,113890,110001,105889,100000,102334,105689,102001,96011,97000,112000,110001,135336,150001,140889,129890,118001,121000,113034,120889,116201,115001,105459,108006,113881,110000,108051,112001,110003,106001,95889,90002,98889,93590,82001,80989,79601,80210,68310,61001,59501,56032,58089,61190,47001,46002,50100,49300,41101,40990,40989,38802,35001,-,-,-,30012,32889,37705,36000,39700,41805,37000,38602,39406,35906,42564,48000,39401,35403,33989,31001,31101,31302,31307,32429,32551,33900,37989,37330,37010,39000,42661,47002,57390,49996,49189,51000,50001,47501,53001,54406,54000,50621,52807,51109,53001,56410,55501,56500,57508,57010,49156,49602,46502,46970,50089,55001,61103,59889,60001,62140,58109,71509,75002,78001,71889,66751,76889,74000,72890,72002,71990,72990,65001,65700,68103,75010,82900,78604,79000,75700,79300,87910,86239,76607,76389,81751,67304,62000,73900,92667,95501,93501,93004,85801,88500,88002,90501,85400,85216,91000,82003,78189,67889,70003,77340,75889,64889,65521,72501,67700,56300,56801,57002,62000,58910,72001,47890,44600,42501,42810,42889,39911,34600,40001,36089,23889,22400,17889,18002,19510,19801,16290,18501,14840,9180,7490,5001,4889,200,2656,4889,7589,13301,13890,14235,14689,17113,17510,19001,15510,13289,15802,16401,17589,19589,16010,17602,18891,18900,15989,14652,6002,12000,12889,14509,12989,14399,13890,10600,11001,11801,13101,13556,10489,9603,9001,14897,14101,14808,16303,16501,15001,16108,17701,18001,16891,19502,18708,20300,23005,26101,26301,27001,30400,27990,28022,25058,22001,22002,22295,25481,27989,30048,29900,31889,31505,31400,27058,26001,30699,25028,23890,28001,30811,28009,32001,30008,32499,38001,42101,34200,30289
"Cars Above 1600cc Or 97kW, Prevailing Quota Premium, 2nd Bidding",121218,114577,114366,115938,120772,126131,130362,130863,125165,119379,117542,116909,116945,114249,114787,111807,110537,109164,109880,109698,104866,102639,102423,102828,101008,99116,98062,106075,113742,130241,136187,138094,128094,122414,118357,118921,117255,115270,109948,106916,108373,108106,109363,107652,109643,107249,102078,97176,95025,93644,88862,83464,80583,79034,73954,66387,60586,58124,58306,57955,53932,49716,47316,47701,45586,42683,40714,40014,38216,34935,32914,33568,33568,33568,33568,35416,38071,39463,39313,39129,37502,37941,39936,42885,43007,39563,35411,33018,31933,31335,31553,32121,32279,33377,34991,36888,37906,38712,40881,44998,50578,52271,51850,50168,50451,50355,50972,52473,54088,52491,52008,50347,52077,52660,55187,56053,56751,56835,54463,51630,48479,46048,47450,50932,56436,58615,59798,60519,61441,65508,70454,75621,74629,72136,71730,73035,74058,72726,72161,71811,69429,67429,66834,71771,76872,79505,79203,76719,78382,82333,84772,83160,78508,77410,73209,69128,65001,74428,84879,93497,93470,89152,86650,86167,87331,87283,86410,86728,85546,81348,74513,71354,71731,72697,70287,67299,67551,68019,64003,59136,57169,57683,60368,62969,59301,52550,44571,43363,41929,40810,38552,39670,36764,32509,25190,20926,19146,18484,18850,18649,18262,16202,13128,9742,6971,5112,3162,3004,4273,7390,10312,12577,13868,14308,15345,16557,17836,17122,15833,14486,15433,16335,17814,17749,17801,17951,18413,17725,15969,12865,11885,11739,13434,13515,13819,13497,12816,11833,11321,12171,12656,12101,11218,10583,12193,12843,14408,14832,15982,15867,15937,16239,17690,17825,17774,17823,19186,21270,23585,25549,27213,28347,28564,28569,26912,25382,23761,23036,24031,25680,27620,29190,30603,31430,31278,29443,27942,28670,28748,28277,26829,28243,29650,31021,30852,31831,34183,37519,37731,34889,31785,31165
"Goods Vehicles & Buses, Quota, 1st Bidding",293,295,290,292,287,286,283,274,283,290,291,276,271,267,262,260,248,262,236,218,216,218,214,230,206,197,200,196,193,193,190,114,115,122,77,68,68,47,43,44,70,69,70,84,85,95,102,107,104,85,76,80,90,93,92,125,122,118,162,195,157,263,255,276,372,368,370,316,354,358,489,-,-,-,315,314,321,318,318,286,302,292,390,389,394,309,306,326,330,329,332,342,386,379,313,425,308,292,247,249,249,285,242,492,453,454,1088,1091,1084,162,170,164,183,185,185,176,175,177,237,228,232,164,162,164,246,241,241,182,182,183,370,371,373,188,186,185,156,141,143,259,258,267,392,385,389,265,265,267,258,258,257,261,258,258,226,227,225,227,225,230,193,181,181,186,183,183,164,159,159,163,163,162,242,242,244,249,243,241,276,276,277,276,276,275,205,208,205,218,204,205,177,178,189,180,168,165,173,167,167,167,231,242,233,237,231,240,264,264,274,267,269,266,385,384,377,377,384,383,352,357,352,347,352,354,446,447,447,446,445,479,681,679,509,511,518,519,566,571,563,567,568,571,596,593,607,594,588,616,588,588,590,589,595,589,673,673,672,675,673,678,631,650,636,645,653,638,688,688,688,691,688,688,605,605,602,609,602,603,575,582,577,572,571,508,510,508,506,540,506,506,399,398
"Goods Vehicles & Buses, Successful Bids, 1st Bidding",291,292,285,292,286,281,279,273,282,281,275,256,266,267,253,256,246,249,209,216,215,218,213,222,181,196,198,191,192,188,186,112,115,121,69,60,68,47,39,44,70,68,69,83,84,93,91,107,100,84,67,80,87,93,89,123,113,111,159,190,119,263,248,276,352,363,370,314,350,354,481,-,-,-,315,314,321,315,318,286,299,273,382,389,394,304,301,324,308,328,332,340,381,330,272,417,188,290,202,249,247,279,200,492,406,445,1078,1087,1078,162,170,155,180,183,181,172,175,177,235,219,232,161,160,164,245,236,240,181,182,183,370,369,370,183,183,183,155,126,143,257,256,267,383,378,389,261,262,264,252,257,256,261,254,257,226,226,223,227,223,230,188,168,180,185,177,180,161,155,159,163,159,158,239,242,244,247,236,239,276,276,277,275,276,275,205,207,201,217,190,205,176,177,187,167,164,162,173,159,165,165,230,242,222,235,225,240,255,264,274,257,266,261,383,376,370,377,384,376,347,350,340,340,350,347,437,446,445,444,444,479,647,506,338,510,515,509,555,568,555,567,564,566,588,585,602,575,582,616,560,588,590,587,594,582,672,672,671,675,670,677,626,650,617,640,639,616,681,688,688,691,685,688,605,601,598,608,595,603,574,578,566,566,570,508,508,504,504,540,472,506,399,393
"Goods Vehicles & Buses, Bids Received, 1st Bidding",511,539,488,420,394,370,434,424,401,422,432,386,386,382,413,394,364,418,365,321,324,312,325,334,350,365,303,366,340,346,281,191,182,222,147,151,109,103,65,108,183,118,147,148,179,168,160,203,184,210,199,149,198,147,173,233,211,233,340,413,261,488,480,510,679,599,558,587,525,658,866,-,-,-,504,504,457,402,440,522,446,492,649,535,610,431,443,466,472,489,460,522,612,549,535,685,611,500,446,486,458,454,375,723,695,742,2189,2309,2586,351,216,268,271,262,283,232,260,245,310,347,324,235,259,229,353,345,372,331,371,263,476,508,545,290,315,311,296,196,257,516,429,519,653,617,715,303,439,364,337,359,427,315,340,364,301,292,312,334,374,316,244,281,268,221,269,241,234,258,218,222,247,307,357,334,365,348,328,383,375,457,366,316,360,356,294,294,270,287,291,284,277,273,329,329,257,250,265,334,252,241,404,296,289,321,310,537,512,350,344,374,353,318,466,522,535,501,493,443,550,551,446,431,532,496,568,534,691,666,621,631,647,506,338,550,682,900,844,775,816,672,727,781,749,841,676,694,872,741,719,723,691,712,686,733,849,850,790,791,797,795,743,823,804,879,853,1042,980,804,808,854,871,834,771,719,761,734,781,719,742,864,1017,773,709,682,671,719,749,800,900,795,1233,1229
"Goods Vehicles & Buses, Quota Premium, 1st Bidding",87479,80001,76000,74801,75503,76501,76000,74301,71556,70001,66689,62000,62590,68782,67001,62506,67891,70289,68340,75009,74001,71100,70001,70589,70001,67501,75599,72001,67599,71001,78001,85900,82889,82100,82223,81801,75589,76801,91101,85119,77301,81501,76302,65991,64989,56089,54001,53002,50890,54901,48889,44001,42200,45000,42001,38890,40001,42589,38900,37002,43001,36134,37513,45001,35900,32889,31502,33089,26644,24100,24502,-,-,-,24202,25013,24402,23704,25392,26509,25502,27800,25089,25502,28559,27589,27010,26378,27002,27009,29501,28501,27001,30389,31092,29902,33190,34001,36003,38303,40101,42000,58036,48902,43002,42801,40212,38501,26029,45906,49002,48901,46302,51209,48001,48702,49801,48302,47889,46434,42302,44213,48890,45036,42036,48101,43809,44890,46801,49302,50001,50900,50098,64001,56501,52101,55011,60001,63701,57389,49901,54009,43390,43001,36301,49503,56302,51002,48889,51112,55503,76310,73999,68251,61011,57989,57051,56011,53900,54989,60000,63035,59111,56001,57334,57001,55556,54522,58553,53989,50009,49801,38699,40009,40803,32801,31900,34009,32590,29006,21889,28189,30001,28589,35111,32001,31006,30889,33000,30112,31389,30189,32501,36511,27001,21390,19001,18289,16989,21692,16001,18801,16888,9690,7100,7302,5300,2590,3502,5212,8889,15899,13889,12589,12959,13501,15889,18900,16310,13001,13000,13000,15001,13989,9539,5767,4909,6889,8300,2600,1,1,1,509,3669,11203,15201,9001,5951,8657,12101,10059,8430,7296,5889,8501,8889,7334,7101,6500,6524,6450,5800,7100,6590,4301,3710,4851,5795,6300,7500,8192,8626,9003,13089,12809,7226,5497,6119,6941,8489,9889,9981,12000,11995,10899,10889,11122,11208,12586,13101,12552,14995,17581,16403,16501,17501,22804,24801,23001,23702,24202
"Goods Vehicles & Buses, Quota, 2nd Bidding",292,290,290,294,283,286,282,276,276,273,271,271,271,260,277,259,234,255,235,222,217,216,214,214,207,195,202,199,191,192,190,114,114,114,69,71,72,51,50,47,78,69,73,91,83,87,102,103,103,76,91,76,91,90,91,126,120,118,166,238,164,262,292,259,381,369,369,316,351,357,489,-,-,-,448,352,329,318,322,284,283,283,393,393,409,304,304,306,344,333,331,350,542,409,320,308,385,260,247,257,257,246,244,445,453,445,1085,1086,1085,163,164,174,186,182,182,188,177,180,230,228,229,163,167,165,242,244,247,192,182,182,371,373,370,194,184,185,140,149,142,267,261,257,391,391,392,272,266,277,264,263,258,263,263,263,232,227,233,225,225,225,184,182,179,180,182,181,163,161,162,160,174,164,241,249,256,244,250,245,284,279,283,277,281,287,207,208,205,210,206,206,183,182,176,203,168,173,181,181,165,174,237,235,232,241,238,262,265,272,268,264,282,270,385,378,386,383,379,379,349,349,349,344,349,344,453,452,492,447,446,444,835,665,525,508,540,663,573,626,565,571,573,590,590,588,595,587,587,587,587,598,596,593,588,596,677,672,681,702,678,678,632,631,632,637,631,635,699,689,717,693,691,693,607,605,618,601,615,605,570,570,605,579,576,523,505,509,505,519,522,506,394,415
"Goods Vehicles & Buses, Successful Bids, 2nd Bidding",292,288,290,294,280,285,278,276,274,271,271,270,271,260,275,240,233,255,214,222,212,215,214,206,198,193,202,192,187,189,186,112,114,114,69,71,70,47,42,40,74,60,73,86,75,87,98,103,103,76,91,61,91,89,91,125,110,113,163,229,83,256,286,223,378,355,367,315,346,356,482,-,-,-,448,219,292,307,322,279,282,283,393,390,406,284,304,306,342,318,327,349,529,204,249,293,382,181,234,256,247,232,241,443,453,436,1084,1085,1084,162,163,171,173,176,181,187,165,178,225,226,229,162,166,160,239,243,244,186,172,182,371,370,365,192,175,185,139,149,134,266,252,254,391,385,386,266,256,273,249,256,252,262,257,257,226,221,232,218,225,225,184,178,177,180,181,178,162,158,161,158,174,149,236,249,248,229,248,237,281,270,279,269,279,282,196,205,202,210,201,205,182,175,170,203,141,170,173,165,149,174,228,229,228,240,228,255,234,271,260,260,282,252,379,370,385,374,373,377,347,345,345,340,349,339,453,443,484,399,443,442,835,337,367,490,539,630,417,617,503,570,566,581,564,585,594,579,587,587,587,598,585,585,583,596,669,667,681,693,648,672,626,629,631,635,624,634,694,678,716,664,686,690,602,599,614,584,615,591,566,570,605,544,567,517,487,509,501,519,508,490,394,415
"Goods Vehicles & Buses, Bids Received, 2nd Bidding",468,494,438,502,434,407,406,427,413,472,405,393,382,399,469,430,373,400,378,337,318,333,355,291,382,332,313,374,394,359,368,186,153,180,133,178,148,116,107,136,182,147,122,297,157,196,174,224,220,181,166,194,149,150,164,252,203,220,337,478,315,441,507,424,671,640,597,538,591,586,759,-,-,-,708,561,504,441,495,439,544,446,657,607,600,560,411,433,537,503,580,470,921,635,538,548,786,461,378,489,399,482,356,611,706,836,1943,2125,2492,509,251,249,254,274,286,252,237,236,344,342,355,241,226,239,387,311,389,340,356,282,455,481,546,284,345,333,247,268,260,416,437,427,779,597,709,392,356,392,356,338,397,358,321,385,335,289,288,354,312,285,262,242,254,229,230,261,222,242,205,261,241,248,405,361,335,354,325,367,393,391,381,346,371,368,272,300,241,287,271,275,285,253,296,298,341,285,280,283,257,264,345,348,376,398,320,412,516,403,320,373,368,390,489,492,497,550,531,481,453,478,424,452,488,428,590,628,746,605,661,700,1022,337,367,490,577,749,1027,1165,815,893,710,784,748,759,826,672,717,730,679,698,715,680,719,712,823,794,830,829,803,761,710,772,837,801,839,907,1071,802,956,820,839,879,823,736,782,724,721,684,662,786,814,682,736,651,615,702,682,727,815,813,679,647
"Goods Vehicles & Buses, Quota Premium, 2nd Bidding",92223,83501,78000,74999,75202,77003,76389,76801,72501,72190,68600,65000,63189,65001,70089,65189,65476,69890,69000,72939,74000,72400,70601,69900,72001,68502,70112,73001,68001,69423,73889,84790,83801,82801,82001,83140,77501,75334,85389,87790,77109,78200,81802,70201,67001,59090,54889,53011,51501,52002,51504,46501,43001,44000,43502,40501,39000,40010,39523,37000,41701,44001,39589,40890,40999,35201,30334,33778,28589,25006,23888,-,-,-,22002,25001,25001,23200,24502,26001,25556,26501,24599,25501,27400,32001,27021,26914,26230,27001,27509,29501,27104,29902,30889,32001,29901,34202,35001,36859,39000,45112,57701,51890,46890,42004,42809,36879,30600,26501,47036,49810,47001,49500,49002,45589,49890,48001,49890,48002,43002,43002,46502,45001,46502,46001,45890,42303,45289,46501,50002,50502,52001,53001,59999,53202,55012,52100,65001,61000,49889,52390,52010,42001,40889,32890,53891,52890,50001,48001,55002,68002,76001,71001,65036,59001,56889,58502,54111,53489,57051,62201,60235,57889,57809,59334,55805,54502,57106,57589,51511,52004,44001,39589,40189,37011,30089,32289,34502,31089,22989,23900,29690,29011,30000,33501,31202,30511,31001,30002,30601,31689,29389,35556,32890,23501,20090,17900,17000,18110,15000,17501,17410,12615,7600,6610,5600,4190,2900,4001,6189,11503,14890,12989,12659,12002,14756,18151,17610,15002,12501,11851,14389,15889,10501,6890,3889,5501,10000,5289,1091,1,1,1,1003,2001,14200,10806,5501,6308,11100,11301,8600,8313,6302,5010,8711,7911,7264,6420,6501,6101,5900,6841,7100,4499,4189,4301,5001,5989,6797,7300,8503,8989,11101,15202,8658,5700,5502,6508,7789,9090,10023,10999,12089,11301,10710,11113,10509,11201,11910,10001,13789,16819,16409,16409,16889,20434,24002,24001,23700,22983
"Goods Vehicles & Buses, Prevailing Quota Premium, 2nd Bidding",82868,77884,75751,75669,76100,76166,74592,72892,70257,67414,64678,64427,66109,66428,66359,66874,68481,70912,72215,73242,72018,70766,70516,69749,70620,71120,71053,70171,71319,77168,81545,83714,82636,82345,80376,78361,80286,83589,83969,81170,78703,75667,71048,63894,59344,55014,52883,52552,51615,49633,46016,44118,43284,42316,40650,40166,40004,39171,39522,39807,40324,40522,39982,38480,34471,32799,30656,28535,25455,23950,24102,24271,24271,24271,24271,24387,24367,24885,25577,26312,25842,25832,26109,27759,28264,27819,26760,26756,27376,28171,28187,28733,29397,30696,31163,32200,33717,35729,37545,40230,46992,50607,51071,45915,42953,40535,35839,34070,37513,44526,48009,48788,48503,48668,48498,48381,48963,48087,46254,44493,44652,45441,45662,45447,45390,45166,44831,45848,47983,49535,50584,53418,55934,56468,55305,54572,58471,59866,57814,54097,50265,47801,42932,40765,44963,49413,52163,50316,51418,58989,67470,72261,69217,63715,59497,57574,56078,55167,55590,58461,60273,59746,58064,57562,57140,56120,56008,56044,54793,52484,47671,44018,40549,38401,35466,33017,32564,32248,28678,26177,26110,28230,30401,31369,32137,31519,31269,30920,31018,30664,30960,32640,32308,29475,23979,20029,18212,18330,17466,17851,16934,15485,11884,8487,6586,5266,4014,3733,5116,8616,11877,13627,13330,12784,13628,15534,16936,16496,14571,13060,13291,14020,13218,10430,6916,5641,6582,6430,4547,1498,183,86,864,3065,7880,10402,10110,7704,8270,9921,10266,9000,7472,6886,7217,7726,7869,7089,6719,6416,6213,6366,6556,6072,5065,4309,4642,5373,6231,7013,7820,8436,9886,11699,11348,9182,6451,6045,6892,8118,9211,10331,11182,11548,11314,11006,10926,11290,11753,11892,12725,14290,16000,16687,16686,18423,21072,23174,23868,23599,23933,23950
"Motorcycles, Quota, 1st Bidding",529,534,545,550,544,534,538,533,540,533,533,538,536,517,519,524,520,517,520,520,522,517,517,519,528,520,520,530,523,529,520,497,573,522,579,555,554,466,467,477,445,441,441,505,515,573,582,563,563,407,405,406,431,420,417,444,445,449,616,626,650,560,542,572,529,526,533,429,496,503,869,-,-,-,593,578,707,693,693,765,739,751,902,925,923,829,825,834,1112,1121,1121,827,874,845,612,572,560,516,528,624,525,516,509,485,543,574,474,476,455,355,368,348,376,374,399,387,362,403,409,407,399,357,357,368,328,355,329,400,355,356,330,339,334,286,289,287,321,318,316,316,316,316,344,346,343,388,368,361,489,481,487,481,481,482,538,511,600,506,510,506,462,450,481,447,450,456,451,410,410,416,413,412,388,416,388,394,388,390,325,327,330,340,325,328,340,337,357,345,342,336,351,359,340,338,385,371,373,393,380,365,405,393,422,406,392,391,420,417,409,414,432,410,447,452,448,454,447,449,442,441,475,454,448,443,500,482,538,482,491,478,471,536,459,488,452,465,492,505,577,488,489,514,515,508,513,534,506,513,559,539,508,609,511,519,517,572,499,502,507,507,509,509,709,504,507,537,560,557,562,630,559,670,667,596,651,588,561,954,1301,877,840,834,940,839,834,838,841,875,836,839,611,612
"Motorcycles, Successful Bids, 1st Bidding",527,531,544,538,527,523,537,528,540,526,533,538,532,515,519,523,513,516,520,519,520,513,517,519,528,510,518,528,514,527,512,494,569,443,550,519,542,454,465,475,432,437,440,504,514,562,513,542,560,405,403,405,429,400,409,438,445,449,612,624,639,524,524,572,498,522,532,420,488,497,856,-,-,-,587,562,706,678,691,763,712,751,890,920,896,803,822,834,1103,1113,1104,809,867,791,587,487,515,483,525,608,413,500,502,484,535,508,377,455,433,354,359,326,374,368,396,359,334,400,365,395,389,356,356,368,317,354,301,398,310,356,328,336,321,278,288,283,319,314,315,316,316,315,343,346,340,388,340,353,487,473,487,475,481,481,536,479,595,412,510,502,462,435,478,413,450,453,442,368,410,416,407,409,386,415,359,394,382,390,323,327,328,335,310,328,337,329,352,320,329,326,347,344,317,334,383,349,365,383,351,349,404,378,419,374,376,389,419,406,401,414,427,387,446,450,441,451,438,448,439,438,473,418,433,434,496,460,534,422,487,465,471,512,370,476,411,460,474,501,560,399,489,513,489,499,511,527,478,513,552,486,475,607,408,515,505,554,426,502,504,499,501,499,700,295,503,530,523,554,562,625,486,668,554,486,612,494,530,950,904,408,795,826,938,731,827,836,835,866,793,835,604,612
"Motorcycles, Bids Received, 1st Bidding",649,657,643,645,639,627,631,630,633,633,629,631,676,603,624,718,595,570,598,604,622,599,571,628,630,610,646,717,666,731,630,661,758,759,846,972,670,529,566,594,678,544,537,624,588,696,768,859,773,561,602,555,573,584,543,633,562,667,760,776,901,735,707,705,692,767,727,677,691,720,1611,-,-,-,785,821,1084,908,831,1036,1086,1040,1141,1149,1154,1193,1175,1164,1396,1483,1543,1140,1213,1208,807,828,1171,953,885,933,919,791,683,721,871,879,819,743,567,482,546,534,438,436,457,498,521,558,525,529,519,455,430,495,409,414,402,438,473,418,425,430,462,442,343,384,374,392,380,502,382,360,415,449,445,520,483,550,542,647,569,567,569,568,679,616,719,680,669,637,523,602,580,631,575,659,592,569,514,542,474,512,434,451,429,486,532,470,369,507,481,500,490,417,398,410,414,422,453,384,476,504,415,409,467,525,509,515,458,429,460,462,504,472,569,545,674,674,583,640,598,695,584,684,707,708,569,586,612,648,527,767,574,594,787,828,948,585,772,596,777,639,759,759,641,761,656,683,804,707,611,662,697,644,575,671,585,627,715,765,602,775,736,720,897,605,598,700,765,774,874,899,1006,829,912,1181,740,816,892,770,663,854,899,815,858,932,671,1521,904,408,795,853,1004,1061,996,920,1035,1010,976,1319,1056,1346
"Motorcycles, Quota Premium, 1st Bidding",9452,10000,8602,8289,8689,8289,8600,9810,9101,9189,9389,9000,8709,9889,9201,8289,9001,7878,9089,10001,9801,9601,8900,8989,9503,10000,9400,9290,9114,9858,10889,10856,10901,11501,10090,11001,5002,12001,12390,11602,10890,12100,13189,11751,11301,11000,10889,10000,9489,10503,11400,10010,9689,9401,9381,9052,9689,8899,8502,8703,8011,8000,7752,7506,7501,7670,7251,7451,7399,7701,7702,-,-,-,4310,4401,3989,3789,4100,3800,4089,4400,3081,3090,3352,3501,3602,3709,3610,3399,2509,4109,4390,5514,6514,7001,7204,7114,8009,8451,7701,6552,5502,5010,5402,5701,6001,6101,6301,7589,7483,6412,6053,6113,6311,6353,6452,6206,6012,6302,6302,6503,6503,6503,6889,6501,5912,6201,6512,6201,6508,6509,6512,6312,5501,5504,4403,4210,4290,4800,4453,4353,4001,4089,4001,4489,4001,3051,1989,1782,1710,1961,1660,1792,1610,1701,1700,1812,1895,1782,1933,1612,1959,1912,1801,2081,1760,1912,2021,1896,1490,1802,1682,1902,2012,2078,2339,1890,2360,2491,2253,2490,2604,1819,1503,1701,1452,1502,1502,1301,1320,1452,1252,1221,1159,852,889,854,902,902,1051,902,900,889,902,1053,958,701,1000,1102,1509,1889,1452,1413,1551,1083,1289,1012,959,999,1101,1012,1301,1101,1081,1251,1082,1252,1345,1013,964,1001,1214,1251,1201,1001,902,1057,900,1001,802,851,609,452,479,554,602,551,656,673,752,699,702,603,851,224,552,663,651,652,701,652,658,1001,803,851,203,189,251,200,202,270,302,405,503,452,233,136,1,1,1,3,10,36,52,116,57,109,402,540,633,630
"Motorcycles, Quota, 2nd Bidding",524,563,546,548,538,536,538,533,539,540,540,535,534,519,525,524,536,519,524,522,520,523,518,520,526,522,521,548,520,546,545,502,502,495,551,551,571,465,490,479,445,465,445,516,512,510,561,570,609,404,409,420,416,426,412,450,449,451,655,618,628,546,542,554,548,530,537,423,494,495,869,-,-,-,581,577,693,697,698,753,907,742,900,909,898,835,834,826,1104,1114,1103,819,821,824,537,527,529,518,522,577,565,514,538,478,494,605,552,459,476,347,355,392,377,415,375,360,403,365,430,422,414,357,357,362,327,332,329,355,402,366,331,363,334,285,286,291,366,319,324,317,320,322,347,385,358,365,360,360,503,524,481,482,523,491,526,554,507,506,543,506,461,454,448,463,450,448,426,410,410,411,434,413,393,392,394,387,392,387,332,328,326,326,362,330,339,369,361,333,338,335,337,340,364,339,371,363,378,363,363,364,407,390,396,405,393,421,409,434,411,414,410,420,446,446,475,447,484,455,439,469,443,477,442,440,480,481,480,518,479,480,450,483,453,454,483,448,497,490,491,489,491,513,508,507,531,510,507,508,555,590,516,506,506,608,558,503,527,500,513,503,500,512,503,750,514,503,587,561,700,563,562,653,563,559,568,576,573,960,1048,1051,1088,991,835,832,838,843,833,834,833,838,628,647
"Motorcycles, Successful Bids, 2nd Bidding",517,563,516,535,523,532,535,528,539,535,534,528,532,518,525,517,530,504,524,515,516,522,512,519,523,514,516,548,491,545,518,474,494,486,550,543,562,436,490,453,431,461,420,511,500,502,555,570,600,355,409,416,401,422,397,449,443,447,649,577,625,532,538,554,535,507,532,410,492,491,864,-,-,-,576,574,693,696,692,746,893,574,897,906,886,834,825,817,1104,1114,1093,819,821,823,533,517,529,515,517,568,500,458,533,449,493,588,424,360,470,325,354,384,331,408,331,356,402,321,424,389,389,341,356,361,322,332,324,353,402,319,320,359,298,277,286,290,360,270,322,310,318,317,341,381,316,350,355,359,503,501,437,481,521,449,516,534,459,505,543,469,461,440,441,462,434,444,425,393,410,411,433,389,390,386,389,380,392,382,332,322,324,326,362,294,335,362,324,304,337,330,334,339,360,311,368,355,378,348,363,364,406,373,396,399,378,418,378,434,386,412,405,419,435,445,474,417,482,417,430,469,413,473,404,437,479,479,477,515,438,478,447,479,417,448,476,412,496,481,489,486,490,510,483,505,530,485,503,507,553,541,432,496,506,608,456,444,523,472,512,489,496,511,490,746,263,488,583,530,695,419,555,647,466,552,565,564,553,943,644,834,868,734,676,829,838,837,822,833,831,837,622,630
"Motorcycles, Bids Received, 2nd Bidding",588,684,726,665,609,632,595,598,617,654,622,605,655,660,626,645,651,641,637,626,636,614,591,620,604,625,629,689,615,646,702,632,639,654,840,796,1438,510,616,611,572,647,594,632,658,673,723,717,899,539,575,521,520,562,557,597,658,635,863,864,904,734,700,715,706,710,679,560,642,797,1355,-,-,-,757,729,936,850,974,989,1197,1010,1193,1187,1193,1129,1039,1100,1473,1375,1423,1201,1098,1176,772,771,898,727,803,1073,786,743,708,687,727,1069,1044,931,602,512,453,753,412,484,520,430,478,541,586,495,500,437,429,454,415,394,436,430,509,527,486,448,433,376,385,396,509,367,389,431,394,361,410,503,492,492,449,478,796,680,543,586,579,615,652,647,642,545,634,589,530,522,523,605,566,535,531,517,520,526,584,509,517,456,469,486,492,471,496,367,486,478,429,461,458,406,424,430,364,369,372,376,468,383,495,472,551,447,388,435,494,541,428,571,535,555,513,650,606,538,512,576,605,548,600,631,762,545,662,681,550,634,613,593,772,648,731,907,750,768,554,626,690,684,512,633,620,552,606,608,563,709,804,599,664,569,653,640,778,731,666,765,700,898,1131,830,765,690,596,751,649,787,913,1199,1301,840,1070,694,1116,920,753,1083,778,674,764,773,791,1411,644,834,868,734,676,907,872,918,1059,995,1044,1084,1141,757
"Motorcycles, Quota Premium, 2nd Bidding",9689,9290,9589,7989,8860,8081,8729,9389,9209,8809,9511,8600,8707,9309,9511,8791,7721,8381,8669,9589,9900,9310,9089,9002,9311,9990,9689,8911,9309,9002,10001,11201,10700,11402,10501,10709,10602,12179,12001,12189,11101,11690,12589,12801,11589,11101,10910,10302,9490,9801,10501,10589,10000,9601,9381,9310,9089,9500,8689,8501,8701,8000,7791,7500,7589,7689,7300,7300,7331,7432,6510,-,-,-,4489,4309,4610,3658,3921,3889,3601,4301,3554,3000,3202,3452,3469,3689,2889,3789,2989,3951,4214,4889,6189,6889,7115,7115,7602,7667,8001,7501,5992,4903,5501,3512,5851,6001,6101,6712,8081,6801,6052,6101,6212,6354,6501,6352,6302,6303,6303,6501,6589,6353,6512,6600,6502,6302,6158,6112,6312,6401,6501,6801,5610,5800,4889,4312,4189,4412,4504,4354,4252,3890,4003,4502,4289,3501,2704,1812,1712,1804,1703,1722,1712,1712,1663,1791,1909,1512,1781,1701,1689,1920,1852,2013,1859,1712,1890,1924,2000,2012,1552,1481,1889,2091,2109,1999,2012,2290,2013,2502,2534,2001,1690,1551,1502,1689,1452,1251,1290,1454,1312,1253,1200,1001,852,851,851,931,900,882,889,901,810,889,912,801,900,1059,1012,1609,1554,1310,1489,1102,1109,1152,901,951,1012,889,1052,1050,1054,1189,1052,1053,1352,1184,1001,901,1189,1210,702,1102,857,902,881,1061,809,756,789,495,401,552,579,571,590,652,652,701,782,591,781,512,511,601,611,602,699,564,551,722,801,853,456,169,210,221,221,280,303,369,404,502,351,202,1,1,1,1,1,22,21,81,101,96,283,409,709,559
"Motorcycles, Prevailing Quota Premium, 2nd Bidding",9437,8960,8670,8367,8542,8817,9140,9252,9202,9083,8986,9036,9221,9165,8753,8344,8457,8935,9509,9701,9434,9149,9133,9466,9649,9547,9286,9248,9696,10302,10758,11094,10850,10868,9651,10249,10696,12061,11696,11596,11927,12354,12204,11591,11132,10701,10180,9931,10198,10468,10365,9882,9576,9355,9317,9257,9062,8799,8518,8320,8043,7759,7607,7576,7500,7444,7339,7436,7346,6358,5287,4352,4352,4352,4352,4126,4012,3860,3900,4014,3838,3571,3214,3267,3430,3571,3495,3515,3198,3458,3694,4512,5285,6166,6819,7073,7360,7660,7906,7646,6875,5910,5385,5005,5328,5528,6060,6468,7045,7180,6814,6256,6141,6241,6364,6370,6305,6247,6254,6369,6451,6492,6559,6560,6486,6337,6265,6248,6301,6341,6458,6506,6207,5922,5285,4853,4383,4369,4442,4480,4320,4157,4040,4163,4215,3973,3256,2474,1952,1797,1759,1774,1700,1709,1683,1730,1795,1784,1802,1721,1780,1799,1856,1930,1895,1890,1859,1893,1871,1854,1757,1739,1753,1909,2087,2085,2119,2174,2237,2340,2400,2325,2026,1711,1567,1567,1517,1450,1353,1345,1347,1324,1233,1115,993,884,867,882,923,928,921,894,882,908,921,886,879,928,1097,1364,1505,1538,1462,1325,1271,1125,1071,996,988,994,1062,1068,1107,1121,1119,1147,1190,1200,1144,1011,1045,1128,1128,1078,961,971,917,967,909,880,770,659,538,489,528,569,592,616,663,689,715,680,719,594,572,511,599,630,653,645,638,692,756,839,662,454,247,207,218,233,263,322,381,440,408,313,154,57,1,2,3,13,24,55,72,94,175,307,496,580,631,608
"Open Category, Quota, 1st Bidding",254,245,245,271,278,291,282,259,256,261,212,202,207,200,202,199,191,179,189,182,176,178,176,183,177,164,159,163,149,145,141,140,130,140,130,124,125,134,132,129,146,149,146,179,165,167,195,190,195,180,190,180,149,149,159,214,206,199,259,259,268,296,296,300,467,464,464,427,470,472,444,-,-,-,333,335,384,384,383,364,359,357,379,380,384,400,408,403,546,552,557,561,540,536,591,559,565,612,571,566,518,542,524,540,543,547,528,528,529,486,482,488,401,413,401,436,458,429,517,536,750,583,449,446,362,364,367,366,363,363,274,272,292,187,175,181,272,265,272,245,241,245,294,293,295,199,193,208,261,264,273,342,263,264,288,239,239,245,255,238,256,246,244,243,245,260,312,315,311,309,309,312,344,349,330,331,330,360,372,338,330,341,336,333,309,313,316,311,310,309,399,361,404,372,587,601,586,589,582,584,722,743,720,719,716,720,762,756,767,761,760,754,880,884,875,882,886,881,1088,1093,1094,1088,1112,1087,1096,1089,1090,1094,1089,1092,1282,1290,1304,1283,1360,1370,1113,1116,1147,1119,1118,1119,1395,1397,1403,1414,1460,1417,1155,1154,1155,1151,1138,1140,1338,1337,1336,1342,1359,1340,1031,1038,1041,1032,1037,1039,1159,1170,1162,1164,1172,1167,891,892,898,887,891,946,1090,1090,1094,1105,1097,917,926,916,910,939,960,682,805,805
"Open Category, Successful Bids, 1st Bidding",248,245,239,265,247,288,266,251,254,261,207,191,206,195,200,195,190,167,189,171,166,175,170,182,169,161,150,159,140,136,136,140,120,140,119,118,125,133,128,126,146,148,143,179,150,165,191,185,195,174,190,171,149,145,155,200,190,190,257,259,268,286,296,300,463,461,463,426,470,466,436,-,-,-,331,330,377,377,376,358,350,353,377,375,379,391,405,392,540,546,544,543,506,524,582,525,562,604,525,562,518,537,495,528,543,545,521,528,528,485,478,488,394,411,388,435,450,400,517,533,728,346,312,443,361,362,363,360,358,361,272,267,290,165,162,181,265,257,271,236,235,243,288,292,295,197,185,205,244,264,270,330,181,261,284,189,238,244,248,221,256,233,241,242,245,258,295,311,304,307,309,312,341,335,311,331,329,360,342,295,321,340,324,326,305,313,312,304,308,308,399,322,403,328,575,596,567,585,575,584,720,737,693,715,713,720,759,746,763,747,752,747,879,879,866,882,879,870,1082,1092,1088,1081,1111,1062,1096,1080,1088,1091,1082,1090,1277,1290,1296,1261,1359,1292,1025,1114,1142,1083,1110,1112,1387,1397,1401,1406,1441,1352,1133,1137,1139,1134,1125,1140,1336,1335,1335,1342,1353,1317,1027,1035,1031,1019,1033,1030,1148,1164,1145,1155,1161,1148,877,888,893,876,891,942,1031,1090,1094,1101,1083,911,918,899,903,938,930,631,805,804
"Open Category, Bids Received, 1st Bidding",479,475,514,462,528,544,467,472,489,511,384,363,384,390,403,369,415,326,321,346,388,322,309,319,317,333,282,305,263,287,227,261,219,237,217,280,271,252,254,229,285,266,283,232,260,293,340,316,283,290,318,269,193,245,257,442,319,288,416,331,387,635,450,435,758,722,683,688,672,784,937,-,-,-,512,525,541,518,587,601,552,589,523,724,513,648,689,545,776,1021,862,1066,1006,896,975,927,1008,967,967,790,923,831,867,869,805,822,872,878,755,748,763,805,648,643,641,642,723,610,750,860,1380,1397,951,824,498,495,505,582,580,607,411,392,445,311,322,288,386,370,403,390,385,429,441,465,525,283,292,351,392,365,379,483,431,407,485,534,447,450,1036,295,393,329,401,312,349,354,410,526,457,413,492,425,530,489,507,452,466,488,509,530,498,454,574,648,475,674,497,518,460,594,660,639,857,856,1184,1069,1011,850,923,1062,1227,1224,1278,1335,1409,1202,1298,1225,1118,1337,1061,1144,1503,1229,1258,1221,1416,1348,1929,1786,1658,1699,1653,1527,1747,1623,1672,1760,2033,1867,2159,1784,1863,1991,2122,2056,1911,1669,1678,1933,1475,1657,2102,1785,1859,2112,1905,1706,1558,1653,1534,1654,1719,1792,1961,1809,1725,1698,1835,2199,1580,1365,1411,1473,1372,1500,1615,1678,1655,1508,1690,1594,1358,1401,1379,1417,1320,1535,1523,1906,1645,1477,1663,1501,1321,1370,1549,1777,1880,1797,2255,2511
"Open Category, Quota Premium, 1st Bidding",127700,121001,114890,116000,122000,123000,121010,140009,127901,122334,118500,113900,118889,117002,112901,110000,123000,104001,109000,116000,106901,105239,100889,101600,104689,101002,95010,100101,106388,133388,125011,152000,137000,126201,121000,120889,124002,118990,116000,105002,107889,110524,116577,105001,113299,113000,110524,100697,91112,99999,98890,87000,82501,85000,88000,72756,64700,59599,57700,61112,63002,52200,47001,49778,49489,45510,39500,40301,40790,36502,34989,-,-,-,32500,34900,38000,38889,40101,41001,37912,40512,36901,42002,52502,48209,37620,35310,32909,30851,32000,32552,31801,33420,31001,37000,38600,38039,39000,39903,47390,54334,57000,49000,48005,52751,49899,50526,55000,54556,53001,48556,53001,50010,56000,54200,56889,58201,56002,55100,49000,47510,48002,44001,55089,60003,60689,58801,61010,57885,69001,75801,78004,78000,70500,71921,75200,76904,71300,72003,74403,69001,63001,67334,65501,84100,82000,77003,79000,76901,89001,93889,80000,77989,77000,76000,62301,66989,65001,94890,96101,97000,92100,86889,87999,95034,86999,85889,88990,84590,76881,73801,65700,74340,78001,65058,65589,70117,68811,62000,56490,57100,62010,58890,75789,64900,46001,44090,44001,42901,41010,41000,39002,49000,27590,22401,19889,18509,19000,21301,19830,19629,17501,12901,8501,7326,5700,3000,5701,7589,10490,15058,14300,14101,15661,16301,16500,19389,18670,13301,15601,15501,17809,18000,19323,18003,17400,19351,17856,15315,13201,12721,13301,14669,14156,13000,15200,12699,10803,12000,12402,13301,12697,9275,11701,14200,14801,12000,16699,16999,17199,18200,17699,18802,21999,17300,19295,22809,21798,22000,27500,27295,28499,30301,28000,28339,25492,24016,24019,25299,26700,28997,29000,31889,32799,32597,29538,27501,27000,33901,29001,28487,27999,30989,31493,31899,32356,34397,40001,41001,31438,30688
"Open Category, Quota, 2nd Bidding",256,241,246,239,299,276,276,261,256,257,211,223,206,200,198,198,190,182,179,177,177,173,177,177,178,155,157,158,140,147,151,138,153,131,129,145,125,137,132,132,149,146,150,164,176,163,194,194,191,184,180,180,145,177,164,210,198,198,267,265,266,303,298,304,466,471,520,430,471,474,448,-,-,-,331,328,388,384,390,369,365,363,375,381,382,398,397,407,540,545,552,539,530,527,558,581,558,573,571,586,515,531,516,542,565,586,562,553,532,482,499,500,400,404,401,429,429,450,521,538,534,453,452,456,360,360,365,361,368,363,272,272,283,176,174,193,264,264,263,242,256,241,319,302,294,192,193,193,261,268,266,269,261,264,240,251,251,240,279,241,251,250,258,249,252,247,310,317,321,308,327,314,380,334,355,330,332,337,335,339,331,330,330,336,319,311,333,311,309,315,363,362,367,390,584,590,588,582,587,592,716,721,716,717,725,717,768,762,758,759,757,769,880,883,880,878,876,877,1088,1106,1169,1104,1147,1088,1116,1093,1105,1089,1091,1103,1289,1301,1369,1290,1287,1295,1115,1112,1127,1111,1176,1112,1395,1397,1402,1394,1408,1441,1139,1199,1181,1152,1150,1160,1359,1372,1338,1366,1336,1381,1029,1034,1111,1030,1032,1048,1156,1154,1152,1356,1155,1154,889,894,898,890,888,898,1096,1090,1099,1091,1095,910,936,914,910,942,910,754,817,813
"Open Category, Successful Bids, 2nd Bidding",248,239,244,232,299,252,275,260,252,257,210,214,185,195,196,197,190,170,176,177,173,168,177,175,176,151,157,156,136,147,144,127,144,107,128,140,104,136,125,129,147,143,149,160,176,151,194,190,187,182,177,180,145,177,133,191,186,197,266,257,260,295,291,302,458,469,512,373,468,467,438,-,-,-,324,324,388,373,383,356,350,353,367,380,375,391,396,407,530,545,546,527,519,525,558,580,533,571,564,581,495,529,498,539,563,562,516,519,506,477,499,483,381,404,397,428,429,450,500,531,510,433,445,450,350,360,365,356,368,356,270,269,281,163,172,193,246,264,263,242,252,224,317,276,285,192,192,191,259,268,259,264,253,264,237,250,239,227,277,200,248,241,250,233,245,238,306,315,312,295,327,296,375,285,352,306,332,335,328,334,322,329,330,335,312,302,332,287,307,315,357,359,365,383,554,587,579,575,586,586,705,721,711,717,724,708,768,746,748,754,751,765,864,878,872,873,873,876,1086,1105,1150,1022,1130,1028,1115,1064,1099,1070,1088,1098,1272,1293,1350,1203,1279,1290,1102,1108,1126,1095,1176,1047,1394,1396,1399,1386,1408,1427,1092,1197,1119,1108,1135,1147,1337,1348,1301,1364,1306,1381,984,1032,1104,946,1029,1043,1135,1150,1150,1356,951,1151,887,892,891,879,885,897,1085,1084,1099,1082,1094,905,934,886,904,940,877,753,744,800
"Open Category, Bids Received, 2nd Bidding",436,494,422,571,426,455,466,414,540,491,431,399,387,406,382,367,326,330,298,327,383,350,300,301,295,269,256,271,267,228,323,228,282,237,243,312,301,252,265,274,248,273,242,285,297,273,317,276,309,295,344,300,226,241,253,391,400,408,408,519,400,633,430,503,705,688,803,672,671,764,714,-,-,-,503,550,528,496,540,506,632,593,751,536,626,667,730,658,797,778,930,779,928,927,1082,868,836,1027,977,1216,817,1003,844,809,905,781,941,925,731,712,783,800,662,668,531,678,592,618,821,1009,815,834,912,873,713,512,519,584,542,609,441,373,364,331,290,373,431,446,382,335,395,358,483,434,497,310,293,321,373,375,410,337,459,385,425,466,466,421,635,370,344,406,352,371,421,301,429,427,544,447,449,507,538,521,496,518,449,516,459,468,470,484,458,558,433,463,634,455,520,583,725,682,608,709,1507,1255,1322,1005,866,1082,1244,1187,1352,1516,1285,1365,1228,1507,1025,1138,1027,1100,1408,1318,1178,1352,1345,1266,1713,1692,1829,1564,1683,1586,1789,1538,1629,1711,1897,1847,2217,1686,1832,1708,1981,1976,1871,1889,1718,1716,1570,1514,2000,2080,1655,1927,2002,2115,1433,1575,1561,1538,1695,1694,1799,2168,1890,1766,1784,1858,1300,1378,1436,1585,1489,1439,1481,1402,1724,1789,1495,1551,1345,1312,1337,1328,1478,1471,1676,1517,1515,1501,1445,1377,1438,1386,1242,1825,1835,1407,1594,1391
"Open Category, Quota Premium, 2nd Bidding",130000,125002,118119,112890,120891,119000,125001,136000,140502,125001,120000,116889,118010,118001,116991,110002,115112,108992,107501,114700,113104,106001,100341,100000,105002,103249,95856,94006,109004,118388,135002,158004,144640,131000,122110,123000,125000,124501,116020,118001,107000,109600,114009,108003,107201,112001,114001,104400,95901,95801,99010,93102,83911,83889,86001,85000,70002,64901,60001,58001,62000,62100,47806,47506,51900,49500,41503,39889,41001,38110,35001,-,-,-,32500,33301,37500,37989,40889,42020,40000,40002,39889,39400,47000,52410,41000,36667,33689,31809,30959,32900,32000,32311,32809,34400,38700,38389,38000,38801,44000,48011,57501,52000,49012,50000,50101,48001,52000,54616,54501,51000,52600,50389,54901,56340,55201,56956,57501,57390,49700,49501,46667,45009,51000,57501,62019,60000,61300,61001,60101,74501,78001,79500,72100,67901,76790,73990,73900,72201,74801,72810,65002,65301,67290,73810,84001,79000,78810,77501,83000,92289,87001,79223,76802,83001,66701,62000,73301,91910,97889,95990,93990,87000,89990,93990,92700,84389,86889,92010,80101,78000,67101,71000,75889,73600,62502,67000,74490,65490,56889,56001,59073,62001,67009,76102,49890,44900,43290,43501,43565,41006,39000,43003,42001,24229,21899,17889,18267,19901,20200,17905,18189,15100,10046,7789,5982,5889,3200,6509,6889,12001,14889,14001,14858,15459,16700,18451,18854,15110,13801,16000,17001,18000,19199,17302,17410,18539,19510,16101,14502,11804,12599,13499,14501,12605,14900,13605,11101,11002,11717,13000,13689,10400,9801,13302,14505,14503,15699,16296,17199,17999,17399,18000,19001,17999,19002,21298,21999,23369,26199,26401,27792,29999,28101,28108,26401,23801,22801,24502,26999,27900,30589,30099,32593,32000,31800,28109,25501,30100,27416,27119,28005,30801,29499,32001,30501,32511,38399,42043,34501,30689
