month,bidding_no,vehicle_class,quota,bids_success,bids_received,premium,exercise_date,bid_pressure,success_rate,log_premium,log_quota,log_bid_pressure,premium_lag1,quota_lag1,bid_pressure_lag1,log_premium_lag1,post_covid
2010-01-01,1,Category A,1152,1145,1342,18502,2010-01-01,1.1649305555555556,0.853204172876304,9.825634113331263,7.049254841255837,0.15266147627579058,,,,,0
2010-03-01,1,Category A,1148,1141,1758,20802,2010-03-01,1.5313588850174216,0.649032992036405,9.942804414913079,7.045776576879511,0.42615550136561053,20340.0,1148.0,1.3005226480836236,9.920344669602551,0
2010-05-01,1,Category A,806,798,1294,26102,2010-05-01,1.6054590570719602,0.616692426584235,10.169767218727474,6.692083742506628,0.47340973255421753,30000.0,706.0,1.7592067988668556,10.308952660644293,0
2010-07-01,1,Category A,700,676,893,29501,2010-07-01,1.2757142857142858,0.7569988801791714,10.292179440058462,6.551080335043404,0.24350624583309444,31510.0,699.0,1.290414878397711,10.35806023475132,0
2010-09-01,1,Category A,631,628,775,33089,2010-09-01,1.2282091917591125,0.8103225806451613,10.40695617984855,6.447305862541213,0.2055571668121338,29000.0,606.0,1.608910891089109,10.275051108968611,0
2010-11-01,1,Category A,598,598,843,34001,2010-11-01,1.4096989966555185,0.7093712930011863,10.434145214930487,6.393590753950631,0.34337620405122377,32415.0,647.0,1.2627511591962906,10.386376557609095,0
2011-01-01,1,Category A,614,602,1192,38889,2011-01-01,1.9413680781758957,0.5050335570469798,10.568466713268153,6.419994928147142,0.6633929194781526,46129.0,617.0,1.2236628849270665,10.73919709845,0
2011-03-01,1,Category A,532,530,875,42600,2011-03-01,1.644736842105263,0.6057142857142858,10.659609532257463,6.2766434893416445,0.49758039701596996,42999.0,511.0,1.5420743639921721,10.668932138591325,0
2011-05-01,1,Category A,511,511,944,44790,2011-05-01,1.847358121330724,0.5413135593220338,10.709740179201345,6.236369590203704,0.6137565759417962,44000.0,565.0,1.7061946902654868,10.691944912900398,0
2011-07-01,1,Category A,514,497,839,55989,2011-07-01,1.632295719844358,0.5923718712753278,10.93291052185124,6.2422232654551655,0.48998744101204106,50244.0,512.0,1.396484375,10.824646415807143,0
2011-09-01,1,Category A,548,547,794,51000,2011-09-01,1.448905109489051,0.6889168765743073,10.839580911706463,6.306275286948016,0.37080817429912016,49301.0,557.0,1.6642728904847397,10.805699643800724,0
2011-11-01,1,Category A,548,547,766,55997,2011-11-01,1.397810218978102,0.7140992167101827,10.933053396853715,6.306275286948016,0.3349068827925757,56112.0,565.0,1.545132743362832,10.935104972379959,0
2012-01-01,1,Category A,554,554,901,46889,2012-01-01,1.6263537906137184,0.6148723640399556,10.755538385347368,6.317164686747284,0.48634057086105414,50001.0,566.0,1.5512367491166077,10.819798284210286,0
2012-03-01,1,Category A,667,649,912,56551,2012-03-01,1.3673163418290855,0.7116228070175439,10.942898164853876,6.502790045915623,0.31284994415870765,57009.0,624.0,1.6298076923076923,10.950964429089467,0
2012-05-01,1,Category A,641,593,822,62600,2012-05-01,1.282371294851794,0.7214111922141119,11.04452055708819,6.46302945692067,0.24871093813550985,64201.0,629.0,1.6073131955484896,11.06977406588073,0
2012-07-01,1,Category A,641,613,872,59421,2012-07-01,1.360374414976599,0.7029816513761468,10.992402978225373,6.46302945692067,0.3077599669883096,59004.0,633.0,1.4533965244865719,10.98536051719994,0
2012-09-01,1,Category A,399,391,518,68000,2012-09-01,1.2982456140350878,0.7548262548262549,11.127262984158243,5.988961416889864,0.26101382536961965,66889.0,400.0,1.325,11.110789808082927,0
2012-11-01,1,Category A,395,393,621,77201,2012-11-01,1.5721518987341772,0.6328502415458938,11.25416768929685,5.978885764901122,0.45244531703235685,71001.0,393.0,1.2951653944020356,11.170449240431308,0
2013-01-01,1,Category A,410,409,555,92100,2013-01-01,1.353658536585366,0.736936936936937,11.430630222243398,6.016157159698354,0.3028109540480811,81889.0,395.0,1.2632911392405064,11.313119950686437,0
2013-03-01,1,Category A,336,329,1180,74689,2013-03-01,3.511904761904762,0.2788135593220339,11.2210881045883,5.817111159963204,1.2561585574965062,78301.0,333.0,1.2822822822822824,11.268315653289422,0
2013-05-01,1,Category A,336,329,912,62999,2013-05-01,2.7142857142857144,0.3607456140350877,11.050874132231819,5.817111159963204,0.9985288301111273,62497.0,333.0,2.981981981981982,11.042873834572456,0
2013-07-01,1,Category A,338,328,716,73100,2013-07-01,2.1183431952662723,0.4581005586592179,11.199583645737869,5.823045895483019,0.750634271477627,69903.0,342.0,2.304093567251462,11.154863845755866,0
2013-09-01,1,Category A,366,365,609,77304,2013-09-01,1.6639344262295082,0.5993431855500821,11.255500979679145,5.902633333401366,0.5091849343085307,76223.0,366.0,1.6284153005464481,11.241418533401374,0
2013-11-01,1,Category A,368,368,590,72609,2013-11-01,1.6032608695652173,0.6237288135593221,11.19284416007177,5.908082938168931,0.4720395987308341,76889.0,373.0,1.5978552278820375,11.250118102349248,0
2014-01-01,1,Category A,364,361,623,72369,2014-01-01,1.7115384615384615,0.579454253611557,11.189533309884368,5.8971538676367405,0.5373926511507124,74002.0,367.0,1.564032697547684,11.21184739884811,0
2014-03-01,1,Category A,365,356,615,76999,2014-03-01,1.6849315068493151,0.5788617886178862,11.251547713738502,5.8998973535824915,0.5217249142240264,77201.0,362.0,1.9337016574585635,11.25416768929685,0
2014-05-01,1,Category A,513,512,676,60002,2014-05-01,1.3177387914230019,0.757396449704142,11.002133173982028,6.240275845170769,0.2759172308721945,71335.0,361.0,1.4210526315789473,11.175142369548915,0
2014-07-01,1,Category A,513,511,1075,61990,2014-07-01,2.0955165692007798,0.4753488372093023,11.034728360695965,6.240275845170769,0.7398000953909937,61899.0,509.0,2.043222003929273,11.03325930345334,0
2014-09-01,1,Category A,572,568,813,64841,2014-09-01,1.4213286713286712,0.6986469864698647,11.07969339830934,6.349138991379798,0.3515921181680126,65710.0,575.0,1.728695652173913,11.093006399891914,0
2014-11-01,1,Category A,703,692,1196,64900,2014-11-01,1.701280227596017,0.5785953177257525,11.080602902692181,6.555356891810665,0.5313810426999122,63990.0,572.0,1.9090909090909092,11.066482100133506,0
2015-01-01,1,Category A,704,698,940,66010,2015-01-01,1.3352272727272727,0.7425531914893617,11.097561524682817,6.556778356158042,0.2891015191060072,65889.0,705.0,1.2312056737588652,11.095726786982862,0
2015-03-01,1,Category A,987,986,2120,61410,2015-03-01,2.1479229989868287,0.4650943396226415,11.025327967323445,6.894670039433482,0.7645013282325765,57199.0,988.0,1.3097165991902835,10.954291694697586,0
2015-05-01,1,Category A,1444,1438,2891,68589,2015-05-01,2.00207756232687,0.4974057419578001,11.135887451002336,7.275172319452771,0.6941854225635745,67601.0,987.0,2.082066869300912,11.121378054821049,0
2015-07-01,1,Category A,1466,1464,1891,58700,2015-07-01,1.2899045020463846,0.7741935483870968,10.980195005816189,7.290292882446597,0.2545681862118606,61000.0,1429.0,1.2358292512246327,11.018629143155449,0
2015-09-01,1,Category A,1688,1688,2553,57089,2015-09-01,1.5124407582938388,0.6611829220524873,10.952366732602407,7.431299675155903,0.4137247420855814,57498.0,1756.0,1.4789293849658314,10.959505443571818,0
2015-11-01,1,Category A,1664,1623,2009,56001,2015-11-01,1.2073317307692308,0.8078646092583375,10.933124826700707,7.416979621381154,0.18841274343378056,57301.0,1690.0,1.3189349112426036,10.956073354557526,0
2016-01-01,1,Category A,1659,1649,2013,45002,2016-01-01,1.213381555153707,0.8191753601589667,10.714462212209277,7.413970290190444,0.193411135449347,54301.0,1669.0,1.1851408028759736,10.902297921958713,0
2016-03-01,1,Category A,2033,1957,3518,45000,2016-03-01,1.7304476143630103,0.5562819783968164,10.714417768752456,7.617267813628347,0.5483801116691568,43000.0,2049.0,1.4470473401659345,10.668955394675699,0
2016-05-01,1,Category A,2218,2217,3446,47889,2016-05-01,1.5536519386834986,0.6433546140452698,10.77664111193259,7.704361167910313,0.4406082491775626,47300.0,2062.0,1.6134820562560621,10.764265574480024,0
2016-07-01,1,Category A,2222,2212,3194,52301,2016-07-01,1.4374437443744374,0.6925485284909205,10.86477077032911,7.706162970199576,0.36286635857538246,55200.0,2252.0,1.7571047957371226,10.918718232265187,0
2016-09-01,1,Category A,2067,2011,2739,51506,2016-09-01,1.3251088534107403,0.7342095655348667,10.849453584720033,7.633853559681768,0.28149460958130995,53334.0,2034.0,1.3780727630285152,10.88432930546973,0
2016-11-01,1,Category A,1929,1929,2800,52668,2016-11-01,1.4515292897874545,0.6889285714285714,10.871763339476235,7.564757012905729,0.37261768325756617,50991.0,2023.0,1.2773109243697478,10.839404425545462,0
2017-01-01,1,Category A,1877,1870,2260,50101,2017-01-01,1.2040490143846563,0.827433628318584,10.821796246953596,7.537430036586509,0.18569005567982266,49751.0,1844.0,1.3850325379609545,10.81478584288724,0
2017-03-01,1,Category A,2061,2045,3190,50789,2017-03-01,1.5477923338185346,0.6410658307210031,10.835435074686321,7.630946580890459,0.4368296148884312,49430.0,2133.0,1.3717768401312704,10.808312806301005,0
2017-05-01,1,Category A,1905,1905,2240,51106,2017-05-01,1.1758530183727034,0.8504464285714286,10.841657186128725,7.552237287560802,0.1619938572882842,51600.0,2052.0,1.1900584795321638,10.851276951469654,0
2017-07-01,1,Category A,1904,1902,2296,42801,2017-07-01,1.2058823529411764,0.828397212543554,10.664316745782925,7.55171221535131,0.18721154208814636,42801.0,1906.0,1.2077649527806926,10.664316745782925,0
2017-09-01,1,Category A,1820,1806,2195,36001,2017-09-01,1.206043956043956,0.8227790432801823,10.491301994830229,7.506591780070841,0.18734554543843063,42900.0,1817.0,1.182168409466153,10.666627104916108,0
2017-11-01,1,Category A,1683,1683,3430,47112,2017-11-01,2.038027332144979,0.49067055393586007,10.760283024624407,7.428333194190806,0.7119823459691795,41617.0,1815.0,1.3173553719008264,10.636264016619267,0
2018-01-01,1,Category A,1693,1693,2264,41400,2018-01-01,1.3372711163614885,0.747791519434629,10.631036159813405,7.4342573821331355,0.29063105718993826,38200.0,1687.0,1.167753408417309,10.550590794594667,0
2018-03-01,1,Category A,1580,1572,2405,38830,2018-03-01,1.5221518987341771,0.6536382536382537,10.566948422725712,7.365180126021013,0.420125056518849,36810.0,1562.0,1.327144686299616,10.513524826373066,0
2018-05-01,1,Category A,1435,1428,1836,38941,2018-05-01,1.2794425087108015,0.7777777777777778,10.569802959130607,7.268920128193722,0.24642444298671434,38510.0,1566.0,1.2943805874840357,10.558673226808954,0
2018-07-01,1,Category A,1435,1427,1626,25000,2018-07-01,1.1331010452961672,0.8776137761377614,10.126631103850338,7.268920128193722,0.12495816191403436,34110.0,1446.0,1.2572614107883817,10.437345875412692,0
2018-09-01,1,Category A,1664,1661,2488,30209,2018-09-01,1.4951923076923077,0.667604501607717,10.315895172210867,7.416979621381154,0.40225483247791616,31997.0,1695.0,1.7392330383480825,10.373397427387058,0
2018-11-01,1,Category A,1819,1757,2849,28199,2018-11-01,1.566245189664651,0.6167076167076168,10.247041795304542,7.506042178518122,0.4486811559797861,25556.0,1674.0,1.0818399044205496,10.148627401722234,0
2019-01-01,1,Category A,1815,1804,2707,25920,2019-01-01,1.4914600550964188,0.666420391577392,10.16277015046621,7.503840746698951,0.39975554291535004,25501.0,1890.0,1.4439153439153438,10.146472946063877,0
2019-03-01,1,Category A,1659,1653,2213,26309,2019-03-01,1.3339361060880048,0.7469498418436512,10.177666364950163,7.413970290190444,0.2881340498606052,26301.0,1650.0,1.3703030303030304,10.177362240256695,0
2019-05-01,1,Category A,1431,1431,1988,36704,2019-05-01,1.3892382948986723,0.7198189134808853,10.510641019929098,7.266128779556451,0.3287556076600685,33199.0,1653.0,1.3605565638233514,10.410275033969022,0
2019-07-01,1,Category A,1431,1428,1795,28589,2019-07-01,1.254367575122292,0.7955431754874652,10.260777307439861,7.266128779556451,0.22663152136592826,26999.0,1424.0,1.223314606741573,10.203555107263542,0
2019-09-01,1,Category A,1056,1056,1656,31783,2019-09-01,1.5681818181818181,0.6376811594202898,10.36668683462848,6.962243464266207,0.44991687067899816,31917.0,1062.0,1.6242937853107344,10.370894062184476,0
2019-11-01,1,Category A,1043,1031,1302,30000,2019-11-01,1.2483221476510067,0.7918586789554531,10.308952660644293,6.949856455000773,0.2218003677677421,32309.0,1060.0,1.3839622641509435,10.38310110816935,0
2020-01-01,1,Category A,1035,1026,1450,35320,2020-01-01,1.4009661835748792,0.7075862068965517,10.472204654717896,6.942156705699469,0.33716212971515064,32889.0,1029.0,1.2206025267249756,10.40089353434265,0
2020-03-01,1,Category A,978,973,1436,32699,2020-03-01,1.4683026584867076,0.6775766016713092,10.39509977537798,6.885509670034818,0.38410707957335216,32999.0,982.0,1.5926680244399185,10.404232536959167,0
2020-08-01,1,Category A,1022,1007,2047,33000,2020-08-01,2.00293542074364,0.49193942354665365,10.404262840448617,6.92951677076365,0.6946138148976397,32699.0,1304.0,1.905674846625767,10.39509977537798,1
2020-10-01,1,Category A,912,907,1272,36534,2020-10-01,1.394736842105263,0.7130503144654088,10.50599861283663,6.815639990074331,0.332705753825736,38504.0,1034.0,1.4893617021276595,10.558517410982946,1
2020-12-01,1,Category A,978,978,1620,40714,2020-12-01,1.656441717791411,0.6037037037037037,10.614327292626992,6.885509670034818,0.5046717581916124,37690.0,972.0,1.4002057613168724,10.537150086261182,1
2021-02-01,1,Category A,885,881,1098,42000,2021-02-01,1.240677966101695,0.802367941712204,10.645424897265505,6.785587645007929,0.2156579770615464,43501.0,966.0,1.355072463768116,10.680539205318292,1
2021-04-01,1,Category A,883,880,1212,45600,2021-04-01,1.3725934314835788,0.7260726072607261,10.727662995502477,6.78332520060396,0.3167019660252998,44589.0,886.0,1.3386004514672687,10.705242470817005,1
2021-06-01,1,Category A,858,820,1439,48510,2021-06-01,1.6771561771561772,0.5698401667824878,10.789525241239263,6.754604099487962,0.5170996073994055,41801.0,835.0,1.4479041916167665,10.640675541671662,1
2021-08-01,1,Category A,805,804,1021,45189,2021-08-01,1.2683229813664596,0.7874632713026445,10.718608973370925,6.690842277418564,0.23769554074610216,47010.0,836.0,1.4832535885167464,10.758115624018176,1
2021-10-01,1,Category A,816,812,1077,47001,2021-10-01,1.3198529411764706,0.7539461467038069,10.757924157061597,6.704414354964107,0.2775203221922815,48000.0,803.0,1.2951432129514322,10.778956289890028,1
2021-12-01,1,Category A,536,525,771,57010,2021-12-01,1.4384328358208955,0.6809338521400778,10.950981970025628,6.284134161070802,0.3635542124925275,55001.0,537.0,1.314711359404097,10.915106645867503,1
2022-02-01,1,Category A,542,542,819,60761,2022-02-01,1.511070110701107,0.6617826617826618,11.014703414770457,6.295266001439646,0.41281808241342327,57898.0,531.0,1.3389830508474576,10.966438120650151,1
2022-04-01,1,Category A,536,536,723,72996,2022-04-01,1.3488805970149254,0.7413554633471646,11.198159924108706,6.284134161070802,0.2992750610879627,71556.0,543.0,1.5635359116022098,11.178235638911106,1
2022-06-01,1,Category A,612,607,874,73801,2022-06-01,1.4281045751633987,0.6945080091533181,11.209127560632263,6.416732282512326,0.3563480931432094,68001.0,625.0,1.3104,11.127277689932466,1
2022-08-01,1,Category A,554,541,689,80000,2022-08-01,1.243682310469314,0.7851959361393324,11.289781913656018,6.317164686747284,0.2180765842663747,78899.0,628.0,1.3280254777070064,11.275923832482418,1
2022-10-01,1,Category A,564,561,724,80501,2022-10-01,1.2836879432624113,0.7748618784530387,11.296024885689746,6.335054251498059,0.24973714088765744,84000.0,543.0,1.3977900552486189,11.33857207782545,1
2022-12-01,1,Category A,458,454,616,88503,2022-12-01,1.3449781659388647,0.737012987012987,11.39079172872657,6.126869184114185,0.29637777941933485,90589.0,459.0,1.355119825708061,11.414088071856408,1
2023-02-01,1,Category A,509,497,663,86000,2023-02-01,1.3025540275049117,0.7496229260935143,11.362102575235644,6.2324480165505225,0.2643269736353398,86000.0,459.0,1.3660130718954249,11.362102575235644,1
2023-04-01,1,Category A,515,508,749,96501,2023-04-01,1.4543689320388349,0.678237650200267,11.477308649967686,6.244166900663736,0.3745720828534833,93503.0,510.0,1.5058823529411764,11.445748800323544,1
2023-06-01,1,Category A,581,571,881,98001,2023-06-01,1.5163511187607572,0.6481271282633371,11.49273296168228,6.364750756851911,0.4163068690842682,92000.0,596.0,1.570469798657718,11.429543856031177,1
2023-08-01,1,Category A,632,618,949,99499,2023-08-01,1.5015822784810127,0.6512118018967334,11.507902872844923,6.448889394146858,0.40651940446307044,95202.0,581.0,1.2530120481927711,11.463756228962145,1
2023-10-01,1,Category A,785,779,1039,104000,2023-10-01,1.3235668789808916,0.7497593840230992,11.55214617812351,6.665683717782408,0.2803302733168189,105000.0,651.0,1.327188940092166,11.56171562913966,1
2023-12-01,1,Category A,928,923,1233,88020,2023-12-01,1.3286637931034482,0.748580697485807,11.385319340365083,6.833031732786201,0.2841737703781437,85001.0,925.0,1.3956756756756756,11.350418300109132,1
2024-02-01,1,Category A,938,910,1931,79000,2024-02-01,2.05863539445629,0.47125841532884516,11.27720313144916,6.843749949006225,0.7220433334222898,81589.0,923.0,2.036836403033586,11.309449727943765,1
2024-04-01,1,Category A,975,970,1922,89000,2024-04-01,1.9712820512820513,0.5046826222684704,11.396391648714276,6.882437470997847,0.6786841185323906,85489.0,936.0,2.0534188034188032,11.35614299167733,1
2024-06-01,1,Category A,962,957,1467,88200,2024-06-01,1.524948024948025,0.6523517382413088,11.387362241994882,6.8690144506657065,0.42196032747727524,92700.0,983.0,1.4689725330620549,11.437123751553946,1
2024-08-01,1,Category A,1013,1007,1570,94289,2024-08-01,1.5498519249753209,0.6414012738853503,11.454119812824949,6.920671504248683,0.4381593940936704,91899.0,973.0,1.3792394655704008,11.428445426891757,1
2024-10-01,1,Category A,994,986,1604,103799,2024-10-01,1.613682092555332,0.614713216957606,11.550211615756151,6.901737206656574,0.4785185817698857,98524.0,990.0,1.3909090909090909,11.4980554523035,1
2024-12-01,1,Category A,1037,1034,1475,94000,2024-12-01,1.4223722275795565,0.7010169491525424,11.451050061252142,6.9440872082295275,0.3523260605443929,89889.0,1041.0,1.2680115273775217,11.406330854797588,1
2025-02-01,1,Category A,1138,1132,1446,85000,2025-02-01,1.2706502636203867,0.7828492392807745,11.350406535472453,7.037027614686276,0.2395287880324338,93601.0,1069.0,1.3882132834424696,11.446796346169297,1
2025-04-01,1,Category A,1138,1122,2162,97724,2025-04-01,1.8998242530755711,0.5189639222941721,11.489902457812688,7.037027614686276,0.6417613835128774,94502.0,1138.0,1.7144112478031635,11.456376277279043,1
2025-06-01,1,Category A,1275,1274,1691,96999,2025-06-01,1.3262745098039215,0.7534003548196333,11.482455948154028,7.150701457592526,0.2823738913060537,102501.0,1267.0,1.511444356748224,11.537627833610571,1
2025-08-01,1,Category A,1268,1257,1755,102009,2025-08-01,1.3840694006309149,0.7162393162393162,11.53281632366802,7.145196134997171,0.325028000902795,101102.0,1253.0,1.49561053471668,11.523885187206563,1
2025-10-01,1,Category A,1268,1239,2572,128105,2025-10-01,2.028391167192429,0.4817262830482115,11.760605519129342,7.145196134997171,0.7072429503603387,119003.0,1272.0,1.9819182389937107,11.686903981859931,1
2025-12-01,1,Category A,1280,1272,1557,105413,2025-12-01,1.21640625,0.8169556840077071,11.565641247142132,7.154615356913663,0.1959008149203354,109000.0,1285.0,1.2350194552529183,11.59910316121128,1
2026-02-01,1,Category A,1265,1261,1982,106320,2026-02-01,1.566798418972332,0.636226034308779,11.574208693387128,7.142827401161621,0.4490343137283127,109501.0,1301.0,1.7701767870868563,11.603688960617083,1
2026-04-01,1,Category A,1265,1203,2537,118000,2026-04-01,2.0055335968379446,0.47418210484824597,11.678439903447801,7.142827401161621,0.6959101584376612,111890.0,1264.0,1.4992088607594938,11.625271524801766,1
2026-06-01,1,Category A,1246,1241,2076,126009,2026-06-01,1.666131621187801,0.5977842003853564,11.744108611954145,7.1276936993473985,0.5105045449383808,124229.0,1239.0,1.8426150121065374,11.729881915589878,1
2010-01-01,1,Category B,687,679,883,19190,2010-01-01,1.2852983988355167,0.768969422423556,9.862144589001746,6.532334292222349,0.2509909083816106,,,,,0
2010-03-01,1,Category B,688,667,1087,26389,2010-03-01,1.5799418604651163,0.6136154553817847,10.180702535638066,6.5337888379333435,0.4573880491878658,23889.0,685.0,1.3956204379562043,10.081173380925554,0
2010-05-01,1,Category B,550,547,869,38000,2010-05-01,1.58,0.6294591484464902,10.545341438708522,6.309918278226516,0.4574248470388755,40001.0,561.0,1.5971479500891266,10.596659732783579,0
2010-07-01,1,Category B,557,557,671,35909,2010-07-01,1.2046678635547576,0.8301043219076006,10.488743239436115,6.322565239927284,0.18620389704439777,39911.0,557.0,1.2926391382405744,10.594407254105722,0
2010-09-01,1,Category B,479,479,757,44129,2010-09-01,1.5803757828810021,0.6327608982826949,10.694872441685067,6.171700597410915,0.45766265602653355,42810.0,482.0,1.4170124481327802,10.664526999138992,0
2010-11-01,1,Category B,482,482,718,45501,2010-11-01,1.4896265560165975,0.6713091922005571,10.725489582719506,6.1779441140506,0.39852545499762393,44600.0,479.0,1.5991649269311066,10.705489138008156,0
2011-01-01,1,Category B,481,474,790,69000,2011-01-01,1.6424116424116424,0.6,11.141861783579396,6.175867270105761,0.496165675355306,72001.0,499.0,1.74749498997996,11.184435286790631,0
2011-03-01,1,Category B,424,423,667,61894,2011-03-01,1.5731132075471699,0.6341829085457271,11.033178523441501,6.049733455231958,0.453056590683666,62000.0,424.0,1.7122641509433962,11.03488966402723,0
2011-05-01,1,Category B,439,439,650,56011,2011-05-01,1.4806378132118452,0.6753846153846154,10.933303378999149,6.0844994130751715,0.3924729498145115,56801.0,423.0,1.4822695035460993,10.947309210188068,0
2011-07-01,1,Category B,445,444,728,68501,2011-07-01,1.6359550561797753,0.6098901098901099,11.134603622683905,6.09807428216624,0.4922267660304458,67700.0,423.0,1.6170212765957446,11.122841458900366,0
2011-09-01,1,Category B,359,356,496,63002,2011-09-01,1.3816155988857939,0.717741935483871,11.050921750901521,5.883322388488279,0.3232535382366486,65521.0,353.0,1.4929178470254958,11.090125980925743,0
2011-11-01,1,Category B,356,355,551,77000,2011-11-01,1.547752808988764,0.6442831215970962,11.251560700835821,5.87493073085203,0.436804078300884,75889.0,353.0,1.793201133144476,11.23702702534448,0
2012-01-01,1,Category B,356,356,511,65801,2012-01-01,1.4353932584269662,0.6966731898238747,11.094390314766315,5.87493073085203,0.3614388593516739,70003.0,368.0,1.2608695652173914,11.156293377256013,0
2012-03-01,1,Category B,354,352,626,79304,2012-03-01,1.768361581920904,0.5623003194888179,11.281043847712734,5.869296913133774,0.5700534579663241,78189.0,351.0,1.6524216524216524,11.266884251677522,0
2012-05-01,1,Category B,354,354,545,92050,2012-05-01,1.53954802259887,0.6495412844036698,11.430087186661224,5.869296913133774,0.4314888815294696,91000.0,349.0,1.6131805157593124,11.418614785498987,0
2012-07-01,1,Category B,358,358,459,82289,2012-07-01,1.282122905027933,0.7799564270152506,11.317992720381067,5.8805329864007,0.2485172236598449,85400.0,349.0,1.3667621776504297,11.355101379776661,0
2012-09-01,1,Category B,355,355,466,80191,2012-09-01,1.3126760563380282,0.7618025751072961,11.292166568106161,5.872117789475416,0.2720678446502301,88002.0,351.0,1.5156695156695157,11.38511482047481,0
2012-11-01,1,Category B,350,350,573,92400,2012-11-01,1.6371428571428572,0.6108202443280978,11.433882257629776,5.857933154483459,0.49295256223128026,85801.0,353.0,1.5297450424929178,11.359785940419789,0
2013-01-01,1,Category B,363,363,470,96210,2013-01-01,1.2947658402203857,0.7723404255319148,11.47428858135531,5.8944028342648505,0.2583298604392535,93501.0,360.0,1.3277777777777777,11.445727410406752,0
2013-03-01,1,Category B,326,326,1028,58090,2013-03-01,3.1533742331288344,0.31712062256809337,10.969748810986578,5.786897381366708,1.1484730646484027,92667.0,303.0,1.3498349834983498,11.436767701120496,0
2013-05-01,1,Category B,317,317,601,61700,2013-05-01,1.8958990536277602,0.5274542429284526,11.030039209893479,5.75890177387728,0.6396931606579269,62000.0,310.0,2.203225806451613,11.03488966402723,0
2013-07-01,1,Category B,331,325,652,77110,2013-07-01,1.9697885196374623,0.49846625766871167,11.252988252827006,5.802118375377063,0.67792618654959,81751.0,305.0,2.40655737704918,11.311433321100587,0
2013-09-01,1,Category B,381,378,623,77100,2013-09-01,1.6351706036745406,0.6067415730337079,11.25285855955142,5.942799375126701,0.4917471436607521,76607.0,375.0,1.672,11.246443735365446,0
2013-11-01,1,Category B,376,376,482,84578,2013-11-01,1.2819148936170213,0.7800829875518672,11.345429464494833,5.929589143389895,0.24835497066070578,87910.0,382.0,1.3481675392670156,11.384068842845224,0
2014-01-01,1,Category B,386,377,581,78700,2014-01-01,1.505181347150259,0.648881239242685,11.273398434405495,5.955837369464831,0.4089133873870804,75700.0,377.0,1.3262599469496021,11.23453343942554,0
2014-03-01,1,Category B,350,337,499,80710,2014-03-01,1.4257142857142857,0.6753507014028056,11.298617762318418,5.857933154483459,0.3546729412680593,78604.0,355.0,1.4619718309859155,11.272177867707658,0
2014-05-01,1,Category B,483,472,778,70002,2014-05-01,1.6107660455486543,0.6066838046272494,11.156279092051912,6.180016653652572,0.476709870525819,75010.0,351.0,1.3846153846153846,11.225376716963682,0
2014-07-01,1,Category B,493,491,812,64889,2014-07-01,1.6470588235294117,0.604679802955665,11.080433396801446,6.20050917404269,0.4989911661189878,65700.0,490.0,1.4612244897959183,11.092854204472703,0
2014-09-01,1,Category B,511,511,909,73010,2014-09-01,1.7788649706457926,0.5621562156215621,11.198351697050132,6.236369590203704,0.5759755039737744,72990.0,506.0,2.2470355731225298,11.198077724445678,0
2014-11-01,1,Category B,574,559,832,70890,2014-11-01,1.4494773519163764,0.671875,11.168884658849063,6.352629396319567,0.3712030445016422,72002.0,507.0,1.621301775147929,11.184449175390174,0
2015-01-01,1,Category B,571,570,833,75289,2015-01-01,1.458844133099825,0.6842737094837935,11.229089320779604,6.3473892096560105,0.3776444325108325,74000.0,579.0,1.3039723661485318,11.211820372186306,0
2015-03-01,1,Category B,723,723,1239,68668,2015-03-01,1.7136929460580912,0.5835351089588378,11.13703857639082,6.583409222158765,0.5386506594703777,66751.0,722.0,1.4362880886426592,11.108724557423686,0
2015-05-01,1,Category B,934,934,1631,77600,2015-05-01,1.746252676659529,0.5726548129981607,11.25932270617131,6.839476438228843,0.5574721643921713,78001.0,728.0,2.09478021978022,11.264476926102367,0
2015-07-01,1,Category B,934,933,1225,65501,2015-07-01,1.3115631691648821,0.7616326530612245,11.089820688682373,6.839476438228843,0.27121968474998465,71509.0,928.0,1.2327586206896552,11.17757859488649,0
2015-09-01,1,Category B,1059,1058,1628,62101,2015-09-01,1.5372993389990557,0.6498771498771498,11.036517370851499,6.9650803456014065,0.43002720096107916,62140.0,1058.0,1.4659735349716445,11.037145182947038,0
2015-11-01,1,Category B,1037,1031,1267,57501,2015-11-01,1.2217936354869816,0.813733228097869,10.959557617938563,6.9440872082295275,0.20031997209161168,59889.0,1073.0,1.2739981360671015,11.000248127840763,0
2016-01-01,1,Category B,1027,1019,1262,54920,2016-01-01,1.2288218111002922,0.8074484944532488,10.913632859881908,6.934397209928558,0.20605583317260032,55001.0,1027.0,1.1684518013631937,10.915106645867503,0
2016-03-01,1,Category B,1209,1200,2706,47604,2016-03-01,2.238213399503722,0.4434589800443459,10.77067207030233,7.097548850614793,0.8056779581159407,46970.0,1208.0,2.3990066225165565,10.757264379021041,0
2016-05-01,1,Category B,1462,1454,2435,51010,2016-05-01,1.6655266757865936,0.5971252566735112,10.839776970916972,7.2875606403097235,0.5101413952069663,49602.0,1211.0,1.9521056977704376,10.81178643448073,0
2016-07-01,1,Category B,1469,1469,2547,56089,2016-07-01,1.7338325391422738,0.5767569689831173,10.934694993853526,7.292337176173877,0.5503342988055797,57010.0,1463.0,1.9917976760082023,10.950981970025628,0
2016-09-01,1,Category B,1372,1358,2183,57002,2016-09-01,1.5911078717201166,0.6220797068254695,10.950841633920426,7.22402480828583,0.46443054826411334,56500.0,1336.0,1.562874251497006,10.941995917134532,0
2016-11-01,1,Category B,1347,1345,2012,56206,2016-11-01,1.493689680772086,0.6684890656063618,10.936778791749008,7.205635176410364,0.4012493548092658,56410.0,1340.0,1.319402985074627,10.940401726734022,0
2017-01-01,1,Category B,1252,1243,1835,53106,2017-01-01,1.4656549520766773,0.6773841961852861,10.880045195196931,7.132497551660044,0.3823022088286268,51109.0,1244.0,1.6495176848874598,10.841715885928185,0
2017-03-01,1,Category B,1371,1368,2298,53300,2017-03-01,1.676148796498906,0.5953002610966057,10.883691610153935,7.223295679562314,0.5164987788463866,50621.0,1377.0,1.543936092955701,10.832121788941521,0
2017-05-01,1,Category B,1320,1316,1996,55414,2017-05-01,1.5121212121212122,0.6593186372745491,10.92258754839142,7.1853870155804165,0.4135134412909928,54406.0,1369.0,1.4609203798392987,10.904229720879732,0
2017-07-01,1,Category B,1322,1321,1910,49802,2017-07-01,1.4447806354009076,0.6916230366492147,10.815810422848898,7.186901020411631,0.3679575006290439,47501.0,1321.0,1.2498107494322483,10.768506042432708,0
2017-09-01,1,Category B,1290,1290,1704,49000,2017-09-01,1.3209302325581396,0.7570422535211268,10.799575577092764,7.162397497355718,0.27833621003354325,51000.0,1293.0,1.3016241299303943,10.839580911706463,0
2017-11-01,1,Category B,1376,1375,2515,57414,2017-11-01,1.8277616279069768,0.5467196819085487,10.958043455007317,7.226936018493289,0.6030920640405506,49996.0,1285.0,1.336964980544747,10.819698281210112,0
2018-01-01,1,Category B,1374,1368,1811,45289,2018-01-01,1.3180494905385736,0.7553837658752071,10.72081945637715,7.2254814727822945,0.2761529851011188,47002.0,1374.0,1.1892285298398835,10.757945432978323,0
2018-03-01,1,Category B,1390,1390,1731,39001,2018-03-01,1.2453237410071942,0.803004043905257,10.571342565808699,7.237059026124737,0.2193955290514718,39000.0,1391.0,1.2537742631200575,10.571316925111784,0
2018-05-01,1,Category B,1280,1267,2155,38501,2018-05-01,1.68359375,0.5879350348027842,10.55843949396453,7.154615356913663,0.5209306456241853,37330.0,1417.0,1.3542695836273817,10.527552571908629,0
2018-07-01,1,Category B,1288,1288,1637,31000,2018-07-01,1.2709627329192548,0.786805131337813,10.341742483467284,7.160845906664299,0.23977467070683606,33900.0,1316.0,1.3138297872340425,10.431170293368542,0
2018-09-01,1,Category B,1274,1268,1959,32001,2018-09-01,1.5376766091051806,0.6472690148034712,10.373522431293592,7.149916836132109,0.4302725818124321,32429.0,1272.0,1.596698113207547,10.386808363179929,0
2018-11-01,1,Category B,1265,1262,2142,32302,2018-11-01,1.6932806324110672,0.5891690009337068,10.382884426798459,7.142827401161621,0.5266678498460735,31302.0,1273.0,1.4579732914375492,10.351437272250447,0
2019-01-01,1,Category B,1245,1242,1818,32200,2019-01-01,1.4602409638554217,0.6831683168316832,10.3797217315325,7.126890808898808,0.37860146583861615,31001.0,1243.0,1.4513274336283186,10.34177474101152,0
2019-03-01,1,Category B,1233,1230,1903,36961,2019-03-01,1.543390105433901,0.6463478717813977,10.517618581666662,7.117205503164344,0.43398136413180516,35403.0,1214.0,1.64168039538715,10.474551841293858,0
2019-05-01,1,Category B,1139,1139,1360,48010,2019-05-01,1.1940298507462686,0.8375,10.779164601524986,7.037905963447182,0.17733401528291545,48000.0,1205.0,1.3560165975103735,10.778956289890028,0
2019-07-01,1,Category B,1141,1135,1390,34000,2019-07-01,1.2182296231375986,0.8165467625899281,10.4341158035983,7.039660349862076,0.19739867626266183,35906.0,1141.0,1.242769500438212,10.488659691430774,0
2019-09-01,1,Category B,1046,1040,1289,36001,2019-09-01,1.2323135755258126,0.8068269976726145,10.491301994830229,6.952728644624869,0.20889335831431913,38602.0,1045.0,1.354066985645933,10.561059367582153,0
2019-11-01,1,Category B,1017,1016,1296,40009,2019-11-01,1.2743362831858407,0.7839506172839507,10.59685970778737,6.92461239604856,0.24242548086366003,41805.0,1044.0,1.4396551724137931,10.640771228584159,0
2020-01-01,1,Category B,1022,1021,1229,37109,2020-01-01,1.2025440313111546,0.8307567127746135,10.52161480677699,6.92951677076365,0.18443933880238508,36000.0,1015.0,1.2325123152709359,10.491274217438248,0
2020-03-01,1,Category B,987,987,1347,32801,2020-03-01,1.364741641337386,0.732739420935412,10.39821428171237,6.894670039433482,0.31096513697688244,32889.0,987.0,1.4782168186423505,10.40089353434265,0
2020-08-01,1,Category B,932,928,1985,37102,2020-08-01,2.1298283261802573,0.46750629722921916,10.521426155498318,6.837332814685591,0.7560413784356995,35001.0,1339.0,1.8648244958924571,10.463131911491967,1
2020-10-01,1,Category B,805,800,1218,40690,2020-10-01,1.5130434782608695,0.6568144499178982,10.613737640995735,6.690842277418564,0.4141231708512789,40989.0,912.0,1.6414473684210527,10.621059017006598,1
2020-12-01,1,Category B,1035,1019,1712,45012,2020-12-01,1.6541062801932367,0.5952102803738317,10.714684399869888,6.942156705699469,0.503260851002218,41101.0,1007.0,1.548162859980139,10.623787731088578,1
2021-02-01,1,Category B,943,943,1107,46790,2021-02-01,1.173913043478261,0.8518518518518519,10.753424783860263,6.849066282633458,0.16034265007517948,50100.0,1018.0,1.3143418467583496,10.821776287072955,1
2021-04-01,1,Category B,958,949,1524,52309,2021-04-01,1.5908141962421711,0.6227034120734908,10.864923719378258,6.86484777797086,0.464245958275731,47001.0,946.0,1.291754756871036,10.757924157061597,1
2021-06-01,1,Category B,815,784,1107,60109,2021-06-01,1.358282208588957,0.7082204155374887,11.003914859727798,6.703188113240863,0.30622081946777413,58089.0,817.0,1.3329253365973073,10.969731596171508,1
2021-08-01,1,Category B,771,751,980,56001,2021-08-01,1.2710765239948119,0.7663265306122449,10.933124826700707,6.647688373563329,0.23986419810128806,59501.0,819.0,1.3516483516483517,10.993748398115178,1
2021-10-01,1,Category B,774,774,1130,70200,2021-10-01,1.4599483204134367,0.6849557522123894,11.159103590013903,6.651571873589727,0.37840103811665915,68310.0,772.0,1.5401554404145077,11.131811447725894,1
2021-12-01,1,Category B,593,593,822,80401,2021-12-01,1.3861720067453627,0.7214111922141119,11.294781892900653,6.385194398997726,0.3265459960584545,79601.0,594.0,1.3417508417508417,11.284781934567633,1
2022-02-01,1,Category B,550,549,865,86102,2022-02-01,1.5727272727272728,0.6346820809248555,11.363287918949755,6.309918278226516,0.4528112287053627,82001.0,592.0,1.5320945945945945,11.314486721293981,1
2022-04-01,1,Category B,550,550,708,98389,2022-04-01,1.2872727272727273,0.7768361581920904,11.496684288173645,6.309918278226516,0.2525258154672032,98889.0,555.0,1.4846846846846846,11.501753287966977,1
2022-06-01,1,Category B,528,528,851,100684,2022-06-01,1.6117424242424243,0.6204465334900118,11.51974217829715,6.269096283706261,0.4773158448671127,95889.0,528.0,1.3428030303030303,11.470946551477226,1
2022-08-01,1,Category B,474,474,612,107001,2022-08-01,1.2911392405063291,0.7745098039215687,11.580593459194764,6.161207321695077,0.25552496081724957,110003.0,527.0,1.3320683111954459,11.608262917129933,1
2022-10-01,1,Category B,474,472,635,95856,2022-10-01,1.339662447257384,0.7433070866141732,11.470602344323707,6.161207321695077,0.29241767719761513,108051.0,471.0,1.1740976645435244,11.590358616866753,1
2022-12-01,1,Category B,427,426,568,105501,2022-12-01,1.3302107728337236,0.75,11.566475710526321,6.056784013228625,0.28533740549252673,113881.0,416.0,1.3653846153846154,11.642909322526585,1
2023-02-01,1,Category B,430,430,580,105524,2023-02-01,1.3488372093023255,0.7413793103448276,11.566693694178412,6.063785208687608,0.2992428948528569,105459.0,408.0,1.2598039215686274,11.566077530771345,1
2023-04-01,1,Category B,430,414,566,118501,2023-04-01,1.3162790697674418,0.7314487632508834,11.682676678340282,6.063785208687608,0.27480886951557476,116201.0,466.0,1.4377682403433476,11.663076729214897,1
2023-06-01,1,Category B,454,437,719,120702,2023-06-01,1.5837004405286343,0.60778859527121,11.701079976956628,6.118097198041348,0.4597641596796987,113034.0,480.0,1.4854166666666666,11.635443937393429,1
2023-08-01,1,Category B,470,469,853,126889,2023-08-01,1.8148936170212766,0.5498241500586166,11.751067967518232,6.152732694704104,0.5960268527875748,118001.0,462.0,1.303030303030303,11.678448377988165,1
2023-10-01,1,Category B,474,472,643,146002,2023-10-01,1.3565400843881856,0.7340590979782271,11.891375599226786,6.161207321695077,0.30493740254254287,140889.0,496.0,1.4818548387096775,11.855727625286312,1
2023-12-01,1,Category B,638,638,933,130100,2023-12-01,1.4623824451410659,0.6838156484458735,11.776058664500596,6.45833828334479,0.38006691750255395,135336.0,648.0,1.8950617283950617,11.815515854155128,1
2024-02-01,1,Category B,655,596,1163,102338,2024-02-01,1.7755725190839695,0.5124677558039553,11.536036339467321,6.484635235635252,0.5741229168834125,112000.0,657.0,1.9908675799086757,11.626254150277232,1
2024-04-01,1,Category B,653,645,1208,101334,2024-04-01,1.8499234303215926,0.5339403973509934,11.526177270645976,6.481577129276431,0.6151442492183291,96011.0,656.0,1.625,11.472218047219139,1
2024-06-01,1,Category B,685,671,974,100607,2024-06-01,1.421897810218978,0.688911704312115,11.518977116731996,6.529418838262226,0.3519924653803098,105689.0,658.0,1.6702127659574468,11.568256098325554,1
2024-08-01,1,Category B,663,662,1150,106101,2024-08-01,1.7345399698340875,0.5756521739130435,11.572146749628347,6.4967749901858625,0.5507422311714333,100000.0,661.0,1.3479576399394857,11.512925464970229,1
2024-10-01,1,Category B,671,652,1084,116002,2024-10-01,1.6154992548435172,0.6014760147601476,11.661362711319182,6.508769136971682,0.47964404502790975,110001.0,663.0,1.3257918552036199,11.608244735642321,1
2024-12-01,1,Category B,689,689,866,103010,2024-12-01,1.2568940493468794,0.7956120092378753,11.54258134987774,6.535241271013659,0.2286436375487765,105081.0,678.0,1.289085545722714,11.562486760313007,1
2025-02-01,1,Category B,748,727,1007,111104,2025-02-01,1.3462566844919786,0.7219463753723933,11.618221978579967,6.617402977974478,0.297327914744085,116625.0,686.0,1.5612244897959184,11.666718938149645,1
2025-04-01,1,Category B,760,729,1200,117899,2025-04-01,1.5789473684210527,0.6075,11.677583604725285,6.633318433280377,0.4567584024957149,116890.0,747.0,1.6010709504685408,11.668988600601816,1
2025-06-01,1,Category B,795,795,974,113000,2025-06-01,1.2251572327044025,0.8162217659137577,11.635143097694478,6.678342114654332,0.20306918898820317,116988.0,782.0,1.39769820971867,11.669826644417272,1
2025-08-01,1,Category B,789,789,1271,123498,2025-08-01,1.6108998732572877,0.6207710464201416,11.723980240587055,6.670766320845874,0.47679295034357977,119101.0,784.0,1.4642857142857142,11.687727151613768,1
2025-10-01,1,Category B,830,828,1202,141000,2025-10-01,1.4481927710843374,0.6888519134775375,11.856515169360305,6.721425700790643,0.37031641430450934,136890.0,792.0,1.6073232323232323,11.826932962589558,1
2025-12-01,1,Category B,802,775,1096,123900,2025-12-01,1.366583541147132,0.7071167883211679,11.727230067617233,6.687108607866515,0.3123138596414463,129890.0,806.0,1.8784119106699753,11.77444321740133,1
2026-02-01,1,Category B,813,809,966,110890,2026-02-01,1.188191881918819,0.8374741200828157,11.616293997947261,6.70073110954781,0.17243272466470733,121634.0,803.0,1.5031133250311333,11.708771814695094,1
2026-04-01,1,Category B,811,796,1406,121000,2026-04-01,1.7336621454993835,0.566145092460882,11.703545824578878,6.698268054115413,0.5502360182551973,115568.0,812.0,1.45935960591133,11.657614380290628,1
2026-06-01,1,Category B,889,889,1300,126989,2026-06-01,1.4623172103487063,0.6838461538461539,11.751855747516275,6.790097235513905,0.38002230793572345,129501.0,869.0,1.6904487917146145,11.771443882099637,1
